"Bird1","Bird2","Comm1","Comm2","SameCommunity","Season"
"CRY","GBO (was GPT)",1,2,FALSE,"Summer 2026 Post-Fledging_Communities"
"CRY","GDN (was GDY)",1,1,TRUE,"Summer 2026 Post-Fledging_Communities"
"GBO (was GPT)","GDN (was GDY)",2,1,FALSE,"Summer 2026 Post-Fledging_Communities"
"CRY","GDO",1,3,FALSE,"Summer 2026 Post-Fledging_Communities"
"GBO (was GPT)","GDO",2,3,FALSE,"Summer 2026 Post-Fledging_Communities"
"GDN (was GDY)","GDO",1,3,FALSE,"Summer 2026 Post-Fledging_Communities"
"CRY","GNG",1,4,FALSE,"Summer 2026 Post-Fledging_Communities"
"GBO (was GPT)","GNG",2,4,FALSE,"Summer 2026 Post-Fledging_Communities"
"GDN (was GDY)","GNG",1,4,FALSE,"Summer 2026 Post-Fledging_Communities"
"GDO","GNG",3,4,FALSE,"Summer 2026 Post-Fledging_Communities"
"CRY","GPB",1,5,FALSE,"Summer 2026 Post-Fledging_Communities"
"GBO (was GPT)","GPB",2,5,FALSE,"Summer 2026 Post-Fledging_Communities"
"GDN (was GDY)","GPB",1,5,FALSE,"Summer 2026 Post-Fledging_Communities"
"GDO","GPB",3,5,FALSE,"Summer 2026 Post-Fledging_Communities"
"GNG","GPB",4,5,FALSE,"Summer 2026 Post-Fledging_Communities"
"CRY","GPR",1,1,TRUE,"Summer 2026 Post-Fledging_Communities"
"GBO (was GPT)","GPR",2,1,FALSE,"Summer 2026 Post-Fledging_Communities"
"GDN (was GDY)","GPR",1,1,TRUE,"Summer 2026 Post-Fledging_Communities"
"GDO","GPR",3,1,FALSE,"Summer 2026 Post-Fledging_Communities"
"GNG","GPR",4,1,FALSE,"Summer 2026 Post-Fledging_Communities"
"GPB","GPR",5,1,FALSE,"Summer 2026 Post-Fledging_Communities"
"CRY","GPW",1,2,FALSE,"Summer 2026 Post-Fledging_Communities"
"GBO (was GPT)","GPW",2,2,TRUE,"Summer 2026 Post-Fledging_Communities"
"GDN (was GDY)","GPW",1,2,FALSE,"Summer 2026 Post-Fledging_Communities"
"GDO","GPW",3,2,FALSE,"Summer 2026 Post-Fledging_Communities"
"GNG","GPW",4,2,FALSE,"Summer 2026 Post-Fledging_Communities"
"GPB","GPW",5,2,FALSE,"Summer 2026 Post-Fledging_Communities"
"GPR","GPW",1,2,FALSE,"Summer 2026 Post-Fledging_Communities"
"CRY","GSN",1,2,FALSE,"Summer 2026 Post-Fledging_Communities"
"GBO (was GPT)","GSN",2,2,TRUE,"Summer 2026 Post-Fledging_Communities"
"GDN (was GDY)","GSN",1,2,FALSE,"Summer 2026 Post-Fledging_Communities"
"GDO","GSN",3,2,FALSE,"Summer 2026 Post-Fledging_Communities"
"GNG","GSN",4,2,FALSE,"Summer 2026 Post-Fledging_Communities"
"GPB","GSN",5,2,FALSE,"Summer 2026 Post-Fledging_Communities"
"GPR","GSN",1,2,FALSE,"Summer 2026 Post-Fledging_Communities"
"GPW","GSN",2,2,TRUE,"Summer 2026 Post-Fledging_Communities"
"CRY","GTP",1,6,FALSE,"Summer 2026 Post-Fledging_Communities"
"GBO (was GPT)","GTP",2,6,FALSE,"Summer 2026 Post-Fledging_Communities"
"GDN (was GDY)","GTP",1,6,FALSE,"Summer 2026 Post-Fledging_Communities"
"GDO","GTP",3,6,FALSE,"Summer 2026 Post-Fledging_Communities"
"GNG","GTP",4,6,FALSE,"Summer 2026 Post-Fledging_Communities"
"GPB","GTP",5,6,FALSE,"Summer 2026 Post-Fledging_Communities"
"GPR","GTP",1,6,FALSE,"Summer 2026 Post-Fledging_Communities"
"GPW","GTP",2,6,FALSE,"Summer 2026 Post-Fledging_Communities"
"GSN","GTP",2,6,FALSE,"Summer 2026 Post-Fledging_Communities"
"CRY","NRO",1,7,FALSE,"Summer 2026 Post-Fledging_Communities"
"GBO (was GPT)","NRO",2,7,FALSE,"Summer 2026 Post-Fledging_Communities"
"GDN (was GDY)","NRO",1,7,FALSE,"Summer 2026 Post-Fledging_Communities"
"GDO","NRO",3,7,FALSE,"Summer 2026 Post-Fledging_Communities"
"GNG","NRO",4,7,FALSE,"Summer 2026 Post-Fledging_Communities"
"GPB","NRO",5,7,FALSE,"Summer 2026 Post-Fledging_Communities"
"GPR","NRO",1,7,FALSE,"Summer 2026 Post-Fledging_Communities"
"GPW","NRO",2,7,FALSE,"Summer 2026 Post-Fledging_Communities"
"GSN","NRO",2,7,FALSE,"Summer 2026 Post-Fledging_Communities"
"GTP","NRO",6,7,FALSE,"Summer 2026 Post-Fledging_Communities"
"CRY","NSS",1,7,FALSE,"Summer 2026 Post-Fledging_Communities"
"GBO (was GPT)","NSS",2,7,FALSE,"Summer 2026 Post-Fledging_Communities"
"GDN (was GDY)","NSS",1,7,FALSE,"Summer 2026 Post-Fledging_Communities"
"GDO","NSS",3,7,FALSE,"Summer 2026 Post-Fledging_Communities"
"GNG","NSS",4,7,FALSE,"Summer 2026 Post-Fledging_Communities"
"GPB","NSS",5,7,FALSE,"Summer 2026 Post-Fledging_Communities"
"GPR","NSS",1,7,FALSE,"Summer 2026 Post-Fledging_Communities"
"GPW","NSS",2,7,FALSE,"Summer 2026 Post-Fledging_Communities"
"GSN","NSS",2,7,FALSE,"Summer 2026 Post-Fledging_Communities"
"GTP","NSS",6,7,FALSE,"Summer 2026 Post-Fledging_Communities"
"NRO","NSS",7,7,TRUE,"Summer 2026 Post-Fledging_Communities"
"CRY","PDN",1,4,FALSE,"Summer 2026 Post-Fledging_Communities"
"GBO (was GPT)","PDN",2,4,FALSE,"Summer 2026 Post-Fledging_Communities"
"GDN (was GDY)","PDN",1,4,FALSE,"Summer 2026 Post-Fledging_Communities"
"GDO","PDN",3,4,FALSE,"Summer 2026 Post-Fledging_Communities"
"GNG","PDN",4,4,TRUE,"Summer 2026 Post-Fledging_Communities"
"GPB","PDN",5,4,FALSE,"Summer 2026 Post-Fledging_Communities"
"GPR","PDN",1,4,FALSE,"Summer 2026 Post-Fledging_Communities"
"GPW","PDN",2,4,FALSE,"Summer 2026 Post-Fledging_Communities"
"GSN","PDN",2,4,FALSE,"Summer 2026 Post-Fledging_Communities"
"GTP","PDN",6,4,FALSE,"Summer 2026 Post-Fledging_Communities"
"NRO","PDN",7,4,FALSE,"Summer 2026 Post-Fledging_Communities"
"NSS","PDN",7,4,FALSE,"Summer 2026 Post-Fledging_Communities"
"CRY","PND",1,8,FALSE,"Summer 2026 Post-Fledging_Communities"
"GBO (was GPT)","PND",2,8,FALSE,"Summer 2026 Post-Fledging_Communities"
"GDN (was GDY)","PND",1,8,FALSE,"Summer 2026 Post-Fledging_Communities"
"GDO","PND",3,8,FALSE,"Summer 2026 Post-Fledging_Communities"
"GNG","PND",4,8,FALSE,"Summer 2026 Post-Fledging_Communities"
"GPB","PND",5,8,FALSE,"Summer 2026 Post-Fledging_Communities"
"GPR","PND",1,8,FALSE,"Summer 2026 Post-Fledging_Communities"
"GPW","PND",2,8,FALSE,"Summer 2026 Post-Fledging_Communities"
"GSN","PND",2,8,FALSE,"Summer 2026 Post-Fledging_Communities"
"GTP","PND",6,8,FALSE,"Summer 2026 Post-Fledging_Communities"
"NRO","PND",7,8,FALSE,"Summer 2026 Post-Fledging_Communities"
"NSS","PND",7,8,FALSE,"Summer 2026 Post-Fledging_Communities"
"PDN","PND",4,8,FALSE,"Summer 2026 Post-Fledging_Communities"
"CRY","RGT",1,9,FALSE,"Summer 2026 Post-Fledging_Communities"
"GBO (was GPT)","RGT",2,9,FALSE,"Summer 2026 Post-Fledging_Communities"
"GDN (was GDY)","RGT",1,9,FALSE,"Summer 2026 Post-Fledging_Communities"
"GDO","RGT",3,9,FALSE,"Summer 2026 Post-Fledging_Communities"
"GNG","RGT",4,9,FALSE,"Summer 2026 Post-Fledging_Communities"
"GPB","RGT",5,9,FALSE,"Summer 2026 Post-Fledging_Communities"
"GPR","RGT",1,9,FALSE,"Summer 2026 Post-Fledging_Communities"
"GPW","RGT",2,9,FALSE,"Summer 2026 Post-Fledging_Communities"
"GSN","RGT",2,9,FALSE,"Summer 2026 Post-Fledging_Communities"
"GTP","RGT",6,9,FALSE,"Summer 2026 Post-Fledging_Communities"
"NRO","RGT",7,9,FALSE,"Summer 2026 Post-Fledging_Communities"
"NSS","RGT",7,9,FALSE,"Summer 2026 Post-Fledging_Communities"
"PDN","RGT",4,9,FALSE,"Summer 2026 Post-Fledging_Communities"
"PND","RGT",8,9,FALSE,"Summer 2026 Post-Fledging_Communities"
"RDO","RGT",14,9,FALSE,"Summer 2026 Post-Fledging_Communities"
"CRY","RNO",1,8,FALSE,"Summer 2026 Post-Fledging_Communities"
"GBO (was GPT)","RNO",2,8,FALSE,"Summer 2026 Post-Fledging_Communities"
"GDN (was GDY)","RNO",1,8,FALSE,"Summer 2026 Post-Fledging_Communities"
"GDO","RNO",3,8,FALSE,"Summer 2026 Post-Fledging_Communities"
"GNG","RNO",4,8,FALSE,"Summer 2026 Post-Fledging_Communities"
"GPB","RNO",5,8,FALSE,"Summer 2026 Post-Fledging_Communities"
"GPR","RNO",1,8,FALSE,"Summer 2026 Post-Fledging_Communities"
"GPW","RNO",2,8,FALSE,"Summer 2026 Post-Fledging_Communities"
"GSN","RNO",2,8,FALSE,"Summer 2026 Post-Fledging_Communities"
"GTP","RNO",6,8,FALSE,"Summer 2026 Post-Fledging_Communities"
"NRO","RNO",7,8,FALSE,"Summer 2026 Post-Fledging_Communities"
"NSS","RNO",7,8,FALSE,"Summer 2026 Post-Fledging_Communities"
"PDN","RNO",4,8,FALSE,"Summer 2026 Post-Fledging_Communities"
"PND","RNO",8,8,TRUE,"Summer 2026 Post-Fledging_Communities"
"RGT","RNO",9,8,FALSE,"Summer 2026 Post-Fledging_Communities"
"RDO","RNO",14,8,FALSE,"Summer 2026 Post-Fledging_Communities"
"CRY","ROW",1,5,FALSE,"Summer 2026 Post-Fledging_Communities"
"GBO (was GPT)","ROW",2,5,FALSE,"Summer 2026 Post-Fledging_Communities"
"GDN (was GDY)","ROW",1,5,FALSE,"Summer 2026 Post-Fledging_Communities"
"GDO","ROW",3,5,FALSE,"Summer 2026 Post-Fledging_Communities"
"GNG","ROW",4,5,FALSE,"Summer 2026 Post-Fledging_Communities"
"GPB","ROW",5,5,TRUE,"Summer 2026 Post-Fledging_Communities"
"GPR","ROW",1,5,FALSE,"Summer 2026 Post-Fledging_Communities"
"GPW","ROW",2,5,FALSE,"Summer 2026 Post-Fledging_Communities"
"GSN","ROW",2,5,FALSE,"Summer 2026 Post-Fledging_Communities"
"GTP","ROW",6,5,FALSE,"Summer 2026 Post-Fledging_Communities"
"NRO","ROW",7,5,FALSE,"Summer 2026 Post-Fledging_Communities"
"NSS","ROW",7,5,FALSE,"Summer 2026 Post-Fledging_Communities"
"PDN","ROW",4,5,FALSE,"Summer 2026 Post-Fledging_Communities"
"PND","ROW",8,5,FALSE,"Summer 2026 Post-Fledging_Communities"
"RGT","ROW",9,5,FALSE,"Summer 2026 Post-Fledging_Communities"
"RNO","ROW",8,5,FALSE,"Summer 2026 Post-Fledging_Communities"
"RDO","ROW",14,5,FALSE,"Summer 2026 Post-Fledging_Communities"
"CRY","RTT",1,10,FALSE,"Summer 2026 Post-Fledging_Communities"
"GBO (was GPT)","RTT",2,10,FALSE,"Summer 2026 Post-Fledging_Communities"
"GDN (was GDY)","RTT",1,10,FALSE,"Summer 2026 Post-Fledging_Communities"
"GDO","RTT",3,10,FALSE,"Summer 2026 Post-Fledging_Communities"
"GNG","RTT",4,10,FALSE,"Summer 2026 Post-Fledging_Communities"
"GPB","RTT",5,10,FALSE,"Summer 2026 Post-Fledging_Communities"
"GPR","RTT",1,10,FALSE,"Summer 2026 Post-Fledging_Communities"
"GPW","RTT",2,10,FALSE,"Summer 2026 Post-Fledging_Communities"
"GSN","RTT",2,10,FALSE,"Summer 2026 Post-Fledging_Communities"
"GTP","RTT",6,10,FALSE,"Summer 2026 Post-Fledging_Communities"
"NRO","RTT",7,10,FALSE,"Summer 2026 Post-Fledging_Communities"
"NSS","RTT",7,10,FALSE,"Summer 2026 Post-Fledging_Communities"
"PDN","RTT",4,10,FALSE,"Summer 2026 Post-Fledging_Communities"
"PND","RTT",8,10,FALSE,"Summer 2026 Post-Fledging_Communities"
"RGT","RTT",9,10,FALSE,"Summer 2026 Post-Fledging_Communities"
"RNO","RTT",8,10,FALSE,"Summer 2026 Post-Fledging_Communities"
"ROW","RTT",5,10,FALSE,"Summer 2026 Post-Fledging_Communities"
"RDO","RTT",14,10,FALSE,"Summer 2026 Post-Fledging_Communities"
"CRY","SDO",1,11,FALSE,"Summer 2026 Post-Fledging_Communities"
"GBO (was GPT)","SDO",2,11,FALSE,"Summer 2026 Post-Fledging_Communities"
"GDN (was GDY)","SDO",1,11,FALSE,"Summer 2026 Post-Fledging_Communities"
"GDO","SDO",3,11,FALSE,"Summer 2026 Post-Fledging_Communities"
"GNG","SDO",4,11,FALSE,"Summer 2026 Post-Fledging_Communities"
"GPB","SDO",5,11,FALSE,"Summer 2026 Post-Fledging_Communities"
"GPR","SDO",1,11,FALSE,"Summer 2026 Post-Fledging_Communities"
"GPW","SDO",2,11,FALSE,"Summer 2026 Post-Fledging_Communities"
"GSN","SDO",2,11,FALSE,"Summer 2026 Post-Fledging_Communities"
"GTP","SDO",6,11,FALSE,"Summer 2026 Post-Fledging_Communities"
"NRO","SDO",7,11,FALSE,"Summer 2026 Post-Fledging_Communities"
"NSS","SDO",7,11,FALSE,"Summer 2026 Post-Fledging_Communities"
"PDN","SDO",4,11,FALSE,"Summer 2026 Post-Fledging_Communities"
"PND","SDO",8,11,FALSE,"Summer 2026 Post-Fledging_Communities"
"RGT","SDO",9,11,FALSE,"Summer 2026 Post-Fledging_Communities"
"RNO","SDO",8,11,FALSE,"Summer 2026 Post-Fledging_Communities"
"ROW","SDO",5,11,FALSE,"Summer 2026 Post-Fledging_Communities"
"RTT","SDO",10,11,FALSE,"Summer 2026 Post-Fledging_Communities"
"RDO","SDO",14,11,FALSE,"Summer 2026 Post-Fledging_Communities"
"CRY","SDR",1,4,FALSE,"Summer 2026 Post-Fledging_Communities"
"GBO (was GPT)","SDR",2,4,FALSE,"Summer 2026 Post-Fledging_Communities"
"GDN (was GDY)","SDR",1,4,FALSE,"Summer 2026 Post-Fledging_Communities"
"GDO","SDR",3,4,FALSE,"Summer 2026 Post-Fledging_Communities"
"GNG","SDR",4,4,TRUE,"Summer 2026 Post-Fledging_Communities"
"GPB","SDR",5,4,FALSE,"Summer 2026 Post-Fledging_Communities"
"GPR","SDR",1,4,FALSE,"Summer 2026 Post-Fledging_Communities"
"GPW","SDR",2,4,FALSE,"Summer 2026 Post-Fledging_Communities"
"GSN","SDR",2,4,FALSE,"Summer 2026 Post-Fledging_Communities"
"GTP","SDR",6,4,FALSE,"Summer 2026 Post-Fledging_Communities"
"NRO","SDR",7,4,FALSE,"Summer 2026 Post-Fledging_Communities"
"NSS","SDR",7,4,FALSE,"Summer 2026 Post-Fledging_Communities"
"PDN","SDR",4,4,TRUE,"Summer 2026 Post-Fledging_Communities"
"PND","SDR",8,4,FALSE,"Summer 2026 Post-Fledging_Communities"
"RGT","SDR",9,4,FALSE,"Summer 2026 Post-Fledging_Communities"
"RNO","SDR",8,4,FALSE,"Summer 2026 Post-Fledging_Communities"
"ROW","SDR",5,4,FALSE,"Summer 2026 Post-Fledging_Communities"
"RTT","SDR",10,4,FALSE,"Summer 2026 Post-Fledging_Communities"
"SDO","SDR",11,4,FALSE,"Summer 2026 Post-Fledging_Communities"
"RDO","SDR",14,4,FALSE,"Summer 2026 Post-Fledging_Communities"
"CRY","SDT",1,4,FALSE,"Summer 2026 Post-Fledging_Communities"
"GBO (was GPT)","SDT",2,4,FALSE,"Summer 2026 Post-Fledging_Communities"
"GDN (was GDY)","SDT",1,4,FALSE,"Summer 2026 Post-Fledging_Communities"
"GDO","SDT",3,4,FALSE,"Summer 2026 Post-Fledging_Communities"
"GNG","SDT",4,4,TRUE,"Summer 2026 Post-Fledging_Communities"
"GPB","SDT",5,4,FALSE,"Summer 2026 Post-Fledging_Communities"
"GPR","SDT",1,4,FALSE,"Summer 2026 Post-Fledging_Communities"
"GPW","SDT",2,4,FALSE,"Summer 2026 Post-Fledging_Communities"
"GSN","SDT",2,4,FALSE,"Summer 2026 Post-Fledging_Communities"
"GTP","SDT",6,4,FALSE,"Summer 2026 Post-Fledging_Communities"
"NRO","SDT",7,4,FALSE,"Summer 2026 Post-Fledging_Communities"
"NSS","SDT",7,4,FALSE,"Summer 2026 Post-Fledging_Communities"
"PDN","SDT",4,4,TRUE,"Summer 2026 Post-Fledging_Communities"
"PND","SDT",8,4,FALSE,"Summer 2026 Post-Fledging_Communities"
"RGT","SDT",9,4,FALSE,"Summer 2026 Post-Fledging_Communities"
"RNO","SDT",8,4,FALSE,"Summer 2026 Post-Fledging_Communities"
"ROW","SDT",5,4,FALSE,"Summer 2026 Post-Fledging_Communities"
"RTT","SDT",10,4,FALSE,"Summer 2026 Post-Fledging_Communities"
"SDO","SDT",11,4,FALSE,"Summer 2026 Post-Fledging_Communities"
"SDR","SDT",4,4,TRUE,"Summer 2026 Post-Fledging_Communities"
"RDO","SDT",14,4,FALSE,"Summer 2026 Post-Fledging_Communities"
"CRY","SGB",1,9,FALSE,"Summer 2026 Post-Fledging_Communities"
"GBO (was GPT)","SGB",2,9,FALSE,"Summer 2026 Post-Fledging_Communities"
"GDN (was GDY)","SGB",1,9,FALSE,"Summer 2026 Post-Fledging_Communities"
"GDO","SGB",3,9,FALSE,"Summer 2026 Post-Fledging_Communities"
"GNG","SGB",4,9,FALSE,"Summer 2026 Post-Fledging_Communities"
"GPB","SGB",5,9,FALSE,"Summer 2026 Post-Fledging_Communities"
"GPR","SGB",1,9,FALSE,"Summer 2026 Post-Fledging_Communities"
"GPW","SGB",2,9,FALSE,"Summer 2026 Post-Fledging_Communities"
"GSN","SGB",2,9,FALSE,"Summer 2026 Post-Fledging_Communities"
"GTP","SGB",6,9,FALSE,"Summer 2026 Post-Fledging_Communities"
"NRO","SGB",7,9,FALSE,"Summer 2026 Post-Fledging_Communities"
"NSS","SGB",7,9,FALSE,"Summer 2026 Post-Fledging_Communities"
"PDN","SGB",4,9,FALSE,"Summer 2026 Post-Fledging_Communities"
"PND","SGB",8,9,FALSE,"Summer 2026 Post-Fledging_Communities"
"RGT","SGB",9,9,TRUE,"Summer 2026 Post-Fledging_Communities"
"RNO","SGB",8,9,FALSE,"Summer 2026 Post-Fledging_Communities"
"ROW","SGB",5,9,FALSE,"Summer 2026 Post-Fledging_Communities"
"RTT","SGB",10,9,FALSE,"Summer 2026 Post-Fledging_Communities"
"SDO","SGB",11,9,FALSE,"Summer 2026 Post-Fledging_Communities"
"SDR","SGB",4,9,FALSE,"Summer 2026 Post-Fledging_Communities"
"SDT","SGB",4,9,FALSE,"Summer 2026 Post-Fledging_Communities"
"RDO","SGB",14,9,FALSE,"Summer 2026 Post-Fledging_Communities"
"CRY","SNR (was SNO)",1,12,FALSE,"Summer 2026 Post-Fledging_Communities"
"GBO (was GPT)","SNR (was SNO)",2,12,FALSE,"Summer 2026 Post-Fledging_Communities"
"GDN (was GDY)","SNR (was SNO)",1,12,FALSE,"Summer 2026 Post-Fledging_Communities"
"GDO","SNR (was SNO)",3,12,FALSE,"Summer 2026 Post-Fledging_Communities"
"GNG","SNR (was SNO)",4,12,FALSE,"Summer 2026 Post-Fledging_Communities"
"GPB","SNR (was SNO)",5,12,FALSE,"Summer 2026 Post-Fledging_Communities"
"GPR","SNR (was SNO)",1,12,FALSE,"Summer 2026 Post-Fledging_Communities"
"GPW","SNR (was SNO)",2,12,FALSE,"Summer 2026 Post-Fledging_Communities"
"GSN","SNR (was SNO)",2,12,FALSE,"Summer 2026 Post-Fledging_Communities"
"GTP","SNR (was SNO)",6,12,FALSE,"Summer 2026 Post-Fledging_Communities"
"NRO","SNR (was SNO)",7,12,FALSE,"Summer 2026 Post-Fledging_Communities"
"NSS","SNR (was SNO)",7,12,FALSE,"Summer 2026 Post-Fledging_Communities"
"PDN","SNR (was SNO)",4,12,FALSE,"Summer 2026 Post-Fledging_Communities"
"PND","SNR (was SNO)",8,12,FALSE,"Summer 2026 Post-Fledging_Communities"
"RGT","SNR (was SNO)",9,12,FALSE,"Summer 2026 Post-Fledging_Communities"
"RNO","SNR (was SNO)",8,12,FALSE,"Summer 2026 Post-Fledging_Communities"
"ROW","SNR (was SNO)",5,12,FALSE,"Summer 2026 Post-Fledging_Communities"
"RTT","SNR (was SNO)",10,12,FALSE,"Summer 2026 Post-Fledging_Communities"
"SDO","SNR (was SNO)",11,12,FALSE,"Summer 2026 Post-Fledging_Communities"
"SDR","SNR (was SNO)",4,12,FALSE,"Summer 2026 Post-Fledging_Communities"
"SDT","SNR (was SNO)",4,12,FALSE,"Summer 2026 Post-Fledging_Communities"
"SGB","SNR (was SNO)",9,12,FALSE,"Summer 2026 Post-Fledging_Communities"
"RDO","SNR (was SNO)",14,12,FALSE,"Summer 2026 Post-Fledging_Communities"
"CRY","SOG",1,6,FALSE,"Summer 2026 Post-Fledging_Communities"
"GBO (was GPT)","SOG",2,6,FALSE,"Summer 2026 Post-Fledging_Communities"
"GDN (was GDY)","SOG",1,6,FALSE,"Summer 2026 Post-Fledging_Communities"
"GDO","SOG",3,6,FALSE,"Summer 2026 Post-Fledging_Communities"
"GNG","SOG",4,6,FALSE,"Summer 2026 Post-Fledging_Communities"
"GPB","SOG",5,6,FALSE,"Summer 2026 Post-Fledging_Communities"
"GPR","SOG",1,6,FALSE,"Summer 2026 Post-Fledging_Communities"
"GPW","SOG",2,6,FALSE,"Summer 2026 Post-Fledging_Communities"
"GSN","SOG",2,6,FALSE,"Summer 2026 Post-Fledging_Communities"
"GTP","SOG",6,6,TRUE,"Summer 2026 Post-Fledging_Communities"
"NRO","SOG",7,6,FALSE,"Summer 2026 Post-Fledging_Communities"
"NSS","SOG",7,6,FALSE,"Summer 2026 Post-Fledging_Communities"
"PDN","SOG",4,6,FALSE,"Summer 2026 Post-Fledging_Communities"
"PND","SOG",8,6,FALSE,"Summer 2026 Post-Fledging_Communities"
"RGT","SOG",9,6,FALSE,"Summer 2026 Post-Fledging_Communities"
"RNO","SOG",8,6,FALSE,"Summer 2026 Post-Fledging_Communities"
"ROW","SOG",5,6,FALSE,"Summer 2026 Post-Fledging_Communities"
"RTT","SOG",10,6,FALSE,"Summer 2026 Post-Fledging_Communities"
"SDO","SOG",11,6,FALSE,"Summer 2026 Post-Fledging_Communities"
"SDR","SOG",4,6,FALSE,"Summer 2026 Post-Fledging_Communities"
"SDT","SOG",4,6,FALSE,"Summer 2026 Post-Fledging_Communities"
"SGB","SOG",9,6,FALSE,"Summer 2026 Post-Fledging_Communities"
"SNR (was SNO)","SOG",12,6,FALSE,"Summer 2026 Post-Fledging_Communities"
"RDO","SOG",14,6,FALSE,"Summer 2026 Post-Fledging_Communities"
"CRY","SPT",1,6,FALSE,"Summer 2026 Post-Fledging_Communities"
"GBO (was GPT)","SPT",2,6,FALSE,"Summer 2026 Post-Fledging_Communities"
"GDN (was GDY)","SPT",1,6,FALSE,"Summer 2026 Post-Fledging_Communities"
"GDO","SPT",3,6,FALSE,"Summer 2026 Post-Fledging_Communities"
"GNG","SPT",4,6,FALSE,"Summer 2026 Post-Fledging_Communities"
"GPB","SPT",5,6,FALSE,"Summer 2026 Post-Fledging_Communities"
"GPR","SPT",1,6,FALSE,"Summer 2026 Post-Fledging_Communities"
"GPW","SPT",2,6,FALSE,"Summer 2026 Post-Fledging_Communities"
"GSN","SPT",2,6,FALSE,"Summer 2026 Post-Fledging_Communities"
"GTP","SPT",6,6,TRUE,"Summer 2026 Post-Fledging_Communities"
"NRO","SPT",7,6,FALSE,"Summer 2026 Post-Fledging_Communities"
"NSS","SPT",7,6,FALSE,"Summer 2026 Post-Fledging_Communities"
"PDN","SPT",4,6,FALSE,"Summer 2026 Post-Fledging_Communities"
"PND","SPT",8,6,FALSE,"Summer 2026 Post-Fledging_Communities"
"RGT","SPT",9,6,FALSE,"Summer 2026 Post-Fledging_Communities"
"RNO","SPT",8,6,FALSE,"Summer 2026 Post-Fledging_Communities"
"ROW","SPT",5,6,FALSE,"Summer 2026 Post-Fledging_Communities"
"RTT","SPT",10,6,FALSE,"Summer 2026 Post-Fledging_Communities"
"SDO","SPT",11,6,FALSE,"Summer 2026 Post-Fledging_Communities"
"SDR","SPT",4,6,FALSE,"Summer 2026 Post-Fledging_Communities"
"SDT","SPT",4,6,FALSE,"Summer 2026 Post-Fledging_Communities"
"SGB","SPT",9,6,FALSE,"Summer 2026 Post-Fledging_Communities"
"SNR (was SNO)","SPT",12,6,FALSE,"Summer 2026 Post-Fledging_Communities"
"SOG","SPT",6,6,TRUE,"Summer 2026 Post-Fledging_Communities"
"RDO","SPT",14,6,FALSE,"Summer 2026 Post-Fledging_Communities"
"CRY","SPW",1,5,FALSE,"Summer 2026 Post-Fledging_Communities"
"GBO (was GPT)","SPW",2,5,FALSE,"Summer 2026 Post-Fledging_Communities"
"GDN (was GDY)","SPW",1,5,FALSE,"Summer 2026 Post-Fledging_Communities"
"GDO","SPW",3,5,FALSE,"Summer 2026 Post-Fledging_Communities"
"GNG","SPW",4,5,FALSE,"Summer 2026 Post-Fledging_Communities"
"GPB","SPW",5,5,TRUE,"Summer 2026 Post-Fledging_Communities"
"GPR","SPW",1,5,FALSE,"Summer 2026 Post-Fledging_Communities"
"GPW","SPW",2,5,FALSE,"Summer 2026 Post-Fledging_Communities"
"GSN","SPW",2,5,FALSE,"Summer 2026 Post-Fledging_Communities"
"GTP","SPW",6,5,FALSE,"Summer 2026 Post-Fledging_Communities"
"NRO","SPW",7,5,FALSE,"Summer 2026 Post-Fledging_Communities"
"NSS","SPW",7,5,FALSE,"Summer 2026 Post-Fledging_Communities"
"PDN","SPW",4,5,FALSE,"Summer 2026 Post-Fledging_Communities"
"PND","SPW",8,5,FALSE,"Summer 2026 Post-Fledging_Communities"
"RGT","SPW",9,5,FALSE,"Summer 2026 Post-Fledging_Communities"
"RNO","SPW",8,5,FALSE,"Summer 2026 Post-Fledging_Communities"
"ROW","SPW",5,5,TRUE,"Summer 2026 Post-Fledging_Communities"
"RTT","SPW",10,5,FALSE,"Summer 2026 Post-Fledging_Communities"
"SDO","SPW",11,5,FALSE,"Summer 2026 Post-Fledging_Communities"
"SDR","SPW",4,5,FALSE,"Summer 2026 Post-Fledging_Communities"
"SDT","SPW",4,5,FALSE,"Summer 2026 Post-Fledging_Communities"
"SGB","SPW",9,5,FALSE,"Summer 2026 Post-Fledging_Communities"
"SNR (was SNO)","SPW",12,5,FALSE,"Summer 2026 Post-Fledging_Communities"
"SOG","SPW",6,5,FALSE,"Summer 2026 Post-Fledging_Communities"
"SPT","SPW",6,5,FALSE,"Summer 2026 Post-Fledging_Communities"
"RDO","SPW",14,5,FALSE,"Summer 2026 Post-Fledging_Communities"
"CRY","SSS",1,4,FALSE,"Summer 2026 Post-Fledging_Communities"
"GBO (was GPT)","SSS",2,4,FALSE,"Summer 2026 Post-Fledging_Communities"
"GDN (was GDY)","SSS",1,4,FALSE,"Summer 2026 Post-Fledging_Communities"
"GDO","SSS",3,4,FALSE,"Summer 2026 Post-Fledging_Communities"
"GNG","SSS",4,4,TRUE,"Summer 2026 Post-Fledging_Communities"
"GPB","SSS",5,4,FALSE,"Summer 2026 Post-Fledging_Communities"
"GPR","SSS",1,4,FALSE,"Summer 2026 Post-Fledging_Communities"
"GPW","SSS",2,4,FALSE,"Summer 2026 Post-Fledging_Communities"
"GSN","SSS",2,4,FALSE,"Summer 2026 Post-Fledging_Communities"
"GTP","SSS",6,4,FALSE,"Summer 2026 Post-Fledging_Communities"
"NRO","SSS",7,4,FALSE,"Summer 2026 Post-Fledging_Communities"
"NSS","SSS",7,4,FALSE,"Summer 2026 Post-Fledging_Communities"
"PDN","SSS",4,4,TRUE,"Summer 2026 Post-Fledging_Communities"
"PND","SSS",8,4,FALSE,"Summer 2026 Post-Fledging_Communities"
"RGT","SSS",9,4,FALSE,"Summer 2026 Post-Fledging_Communities"
"RNO","SSS",8,4,FALSE,"Summer 2026 Post-Fledging_Communities"
"ROW","SSS",5,4,FALSE,"Summer 2026 Post-Fledging_Communities"
"RTT","SSS",10,4,FALSE,"Summer 2026 Post-Fledging_Communities"
"SDO","SSS",11,4,FALSE,"Summer 2026 Post-Fledging_Communities"
"SDR","SSS",4,4,TRUE,"Summer 2026 Post-Fledging_Communities"
"SDT","SSS",4,4,TRUE,"Summer 2026 Post-Fledging_Communities"
"SGB","SSS",9,4,FALSE,"Summer 2026 Post-Fledging_Communities"
"SNR (was SNO)","SSS",12,4,FALSE,"Summer 2026 Post-Fledging_Communities"
"SOG","SSS",6,4,FALSE,"Summer 2026 Post-Fledging_Communities"
"SPT","SSS",6,4,FALSE,"Summer 2026 Post-Fledging_Communities"
"SPW","SSS",5,4,FALSE,"Summer 2026 Post-Fledging_Communities"
"RDO","SSS",14,4,FALSE,"Summer 2026 Post-Fledging_Communities"
"CRY","STT",1,9,FALSE,"Summer 2026 Post-Fledging_Communities"
"GBO (was GPT)","STT",2,9,FALSE,"Summer 2026 Post-Fledging_Communities"
"GDN (was GDY)","STT",1,9,FALSE,"Summer 2026 Post-Fledging_Communities"
"GDO","STT",3,9,FALSE,"Summer 2026 Post-Fledging_Communities"
"GNG","STT",4,9,FALSE,"Summer 2026 Post-Fledging_Communities"
"GPB","STT",5,9,FALSE,"Summer 2026 Post-Fledging_Communities"
"GPR","STT",1,9,FALSE,"Summer 2026 Post-Fledging_Communities"
"GPW","STT",2,9,FALSE,"Summer 2026 Post-Fledging_Communities"
"GSN","STT",2,9,FALSE,"Summer 2026 Post-Fledging_Communities"
"GTP","STT",6,9,FALSE,"Summer 2026 Post-Fledging_Communities"
"NRO","STT",7,9,FALSE,"Summer 2026 Post-Fledging_Communities"
"NSS","STT",7,9,FALSE,"Summer 2026 Post-Fledging_Communities"
"PDN","STT",4,9,FALSE,"Summer 2026 Post-Fledging_Communities"
"PND","STT",8,9,FALSE,"Summer 2026 Post-Fledging_Communities"
"RGT","STT",9,9,TRUE,"Summer 2026 Post-Fledging_Communities"
"RNO","STT",8,9,FALSE,"Summer 2026 Post-Fledging_Communities"
"ROW","STT",5,9,FALSE,"Summer 2026 Post-Fledging_Communities"
"RTT","STT",10,9,FALSE,"Summer 2026 Post-Fledging_Communities"
"SDO","STT",11,9,FALSE,"Summer 2026 Post-Fledging_Communities"
"SDR","STT",4,9,FALSE,"Summer 2026 Post-Fledging_Communities"
"SDT","STT",4,9,FALSE,"Summer 2026 Post-Fledging_Communities"
"SGB","STT",9,9,TRUE,"Summer 2026 Post-Fledging_Communities"
"SNR (was SNO)","STT",12,9,FALSE,"Summer 2026 Post-Fledging_Communities"
"SOG","STT",6,9,FALSE,"Summer 2026 Post-Fledging_Communities"
"SPT","STT",6,9,FALSE,"Summer 2026 Post-Fledging_Communities"
"SPW","STT",5,9,FALSE,"Summer 2026 Post-Fledging_Communities"
"SSS","STT",4,9,FALSE,"Summer 2026 Post-Fledging_Communities"
"RDO","STT",14,9,FALSE,"Summer 2026 Post-Fledging_Communities"
"CRY","SWB",1,4,FALSE,"Summer 2026 Post-Fledging_Communities"
"GBO (was GPT)","SWB",2,4,FALSE,"Summer 2026 Post-Fledging_Communities"
"GDN (was GDY)","SWB",1,4,FALSE,"Summer 2026 Post-Fledging_Communities"
"GDO","SWB",3,4,FALSE,"Summer 2026 Post-Fledging_Communities"
"GNG","SWB",4,4,TRUE,"Summer 2026 Post-Fledging_Communities"
"GPB","SWB",5,4,FALSE,"Summer 2026 Post-Fledging_Communities"
"GPR","SWB",1,4,FALSE,"Summer 2026 Post-Fledging_Communities"
"GPW","SWB",2,4,FALSE,"Summer 2026 Post-Fledging_Communities"
"GSN","SWB",2,4,FALSE,"Summer 2026 Post-Fledging_Communities"
"GTP","SWB",6,4,FALSE,"Summer 2026 Post-Fledging_Communities"
"NRO","SWB",7,4,FALSE,"Summer 2026 Post-Fledging_Communities"
"NSS","SWB",7,4,FALSE,"Summer 2026 Post-Fledging_Communities"
"PDN","SWB",4,4,TRUE,"Summer 2026 Post-Fledging_Communities"
"PND","SWB",8,4,FALSE,"Summer 2026 Post-Fledging_Communities"
"RGT","SWB",9,4,FALSE,"Summer 2026 Post-Fledging_Communities"
"RNO","SWB",8,4,FALSE,"Summer 2026 Post-Fledging_Communities"
"ROW","SWB",5,4,FALSE,"Summer 2026 Post-Fledging_Communities"
"RTT","SWB",10,4,FALSE,"Summer 2026 Post-Fledging_Communities"
"SDO","SWB",11,4,FALSE,"Summer 2026 Post-Fledging_Communities"
"SDR","SWB",4,4,TRUE,"Summer 2026 Post-Fledging_Communities"
"SDT","SWB",4,4,TRUE,"Summer 2026 Post-Fledging_Communities"
"SGB","SWB",9,4,FALSE,"Summer 2026 Post-Fledging_Communities"
"SNR (was SNO)","SWB",12,4,FALSE,"Summer 2026 Post-Fledging_Communities"
"SOG","SWB",6,4,FALSE,"Summer 2026 Post-Fledging_Communities"
"SPT","SWB",6,4,FALSE,"Summer 2026 Post-Fledging_Communities"
"SPW","SWB",5,4,FALSE,"Summer 2026 Post-Fledging_Communities"
"SSS","SWB",4,4,TRUE,"Summer 2026 Post-Fledging_Communities"
"STT","SWB",9,4,FALSE,"Summer 2026 Post-Fledging_Communities"
"RDO","SWB",14,4,FALSE,"Summer 2026 Post-Fledging_Communities"
"CRY","SYO",1,4,FALSE,"Summer 2026 Post-Fledging_Communities"
"GBO (was GPT)","SYO",2,4,FALSE,"Summer 2026 Post-Fledging_Communities"
"GDN (was GDY)","SYO",1,4,FALSE,"Summer 2026 Post-Fledging_Communities"
"GDO","SYO",3,4,FALSE,"Summer 2026 Post-Fledging_Communities"
"GNG","SYO",4,4,TRUE,"Summer 2026 Post-Fledging_Communities"
"GPB","SYO",5,4,FALSE,"Summer 2026 Post-Fledging_Communities"
"GPR","SYO",1,4,FALSE,"Summer 2026 Post-Fledging_Communities"
"GPW","SYO",2,4,FALSE,"Summer 2026 Post-Fledging_Communities"
"GSN","SYO",2,4,FALSE,"Summer 2026 Post-Fledging_Communities"
"GTP","SYO",6,4,FALSE,"Summer 2026 Post-Fledging_Communities"
"NRO","SYO",7,4,FALSE,"Summer 2026 Post-Fledging_Communities"
"NSS","SYO",7,4,FALSE,"Summer 2026 Post-Fledging_Communities"
"PDN","SYO",4,4,TRUE,"Summer 2026 Post-Fledging_Communities"
"PND","SYO",8,4,FALSE,"Summer 2026 Post-Fledging_Communities"
"RGT","SYO",9,4,FALSE,"Summer 2026 Post-Fledging_Communities"
"RNO","SYO",8,4,FALSE,"Summer 2026 Post-Fledging_Communities"
"ROW","SYO",5,4,FALSE,"Summer 2026 Post-Fledging_Communities"
"RTT","SYO",10,4,FALSE,"Summer 2026 Post-Fledging_Communities"
"SDO","SYO",11,4,FALSE,"Summer 2026 Post-Fledging_Communities"
"SDR","SYO",4,4,TRUE,"Summer 2026 Post-Fledging_Communities"
"SDT","SYO",4,4,TRUE,"Summer 2026 Post-Fledging_Communities"
"SGB","SYO",9,4,FALSE,"Summer 2026 Post-Fledging_Communities"
"SNR (was SNO)","SYO",12,4,FALSE,"Summer 2026 Post-Fledging_Communities"
"SOG","SYO",6,4,FALSE,"Summer 2026 Post-Fledging_Communities"
"SPT","SYO",6,4,FALSE,"Summer 2026 Post-Fledging_Communities"
"SPW","SYO",5,4,FALSE,"Summer 2026 Post-Fledging_Communities"
"SSS","SYO",4,4,TRUE,"Summer 2026 Post-Fledging_Communities"
"STT","SYO",9,4,FALSE,"Summer 2026 Post-Fledging_Communities"
"SWB","SYO",4,4,TRUE,"Summer 2026 Post-Fledging_Communities"
"SWT","SYO",11,4,FALSE,"Summer 2026 Post-Fledging_Communities"
"RDO","SYO",14,4,FALSE,"Summer 2026 Post-Fledging_Communities"
"CRY","WDD",1,1,TRUE,"Summer 2026 Post-Fledging_Communities"
"GBO (was GPT)","WDD",2,1,FALSE,"Summer 2026 Post-Fledging_Communities"
"GDN (was GDY)","WDD",1,1,TRUE,"Summer 2026 Post-Fledging_Communities"
"GDO","WDD",3,1,FALSE,"Summer 2026 Post-Fledging_Communities"
"GNG","WDD",4,1,FALSE,"Summer 2026 Post-Fledging_Communities"
"GPB","WDD",5,1,FALSE,"Summer 2026 Post-Fledging_Communities"
"GPR","WDD",1,1,TRUE,"Summer 2026 Post-Fledging_Communities"
"GPW","WDD",2,1,FALSE,"Summer 2026 Post-Fledging_Communities"
"GSN","WDD",2,1,FALSE,"Summer 2026 Post-Fledging_Communities"
"GTP","WDD",6,1,FALSE,"Summer 2026 Post-Fledging_Communities"
"NRO","WDD",7,1,FALSE,"Summer 2026 Post-Fledging_Communities"
"NSS","WDD",7,1,FALSE,"Summer 2026 Post-Fledging_Communities"
"PDN","WDD",4,1,FALSE,"Summer 2026 Post-Fledging_Communities"
"PND","WDD",8,1,FALSE,"Summer 2026 Post-Fledging_Communities"
"RGT","WDD",9,1,FALSE,"Summer 2026 Post-Fledging_Communities"
"RNO","WDD",8,1,FALSE,"Summer 2026 Post-Fledging_Communities"
"ROW","WDD",5,1,FALSE,"Summer 2026 Post-Fledging_Communities"
"RTT","WDD",10,1,FALSE,"Summer 2026 Post-Fledging_Communities"
"SDO","WDD",11,1,FALSE,"Summer 2026 Post-Fledging_Communities"
"SDR","WDD",4,1,FALSE,"Summer 2026 Post-Fledging_Communities"
"SDT","WDD",4,1,FALSE,"Summer 2026 Post-Fledging_Communities"
"SGB","WDD",9,1,FALSE,"Summer 2026 Post-Fledging_Communities"
"SNR (was SNO)","WDD",12,1,FALSE,"Summer 2026 Post-Fledging_Communities"
"SOG","WDD",6,1,FALSE,"Summer 2026 Post-Fledging_Communities"
"SPT","WDD",6,1,FALSE,"Summer 2026 Post-Fledging_Communities"
"SPW","WDD",5,1,FALSE,"Summer 2026 Post-Fledging_Communities"
"SSS","WDD",4,1,FALSE,"Summer 2026 Post-Fledging_Communities"
"STT","WDD",9,1,FALSE,"Summer 2026 Post-Fledging_Communities"
"SWB","WDD",4,1,FALSE,"Summer 2026 Post-Fledging_Communities"
"SYO","WDD",4,1,FALSE,"Summer 2026 Post-Fledging_Communities"
"SWT","WDD",11,1,FALSE,"Summer 2026 Post-Fledging_Communities"
"RDO","WDD",14,1,FALSE,"Summer 2026 Post-Fledging_Communities"
"CRY","WDY",1,2,FALSE,"Summer 2026 Post-Fledging_Communities"
"GBO (was GPT)","WDY",2,2,TRUE,"Summer 2026 Post-Fledging_Communities"
"GDN (was GDY)","WDY",1,2,FALSE,"Summer 2026 Post-Fledging_Communities"
"GDO","WDY",3,2,FALSE,"Summer 2026 Post-Fledging_Communities"
"GNG","WDY",4,2,FALSE,"Summer 2026 Post-Fledging_Communities"
"GPB","WDY",5,2,FALSE,"Summer 2026 Post-Fledging_Communities"
"GPR","WDY",1,2,FALSE,"Summer 2026 Post-Fledging_Communities"
"GPW","WDY",2,2,TRUE,"Summer 2026 Post-Fledging_Communities"
"GSN","WDY",2,2,TRUE,"Summer 2026 Post-Fledging_Communities"
"GTP","WDY",6,2,FALSE,"Summer 2026 Post-Fledging_Communities"
"NRO","WDY",7,2,FALSE,"Summer 2026 Post-Fledging_Communities"
"NSS","WDY",7,2,FALSE,"Summer 2026 Post-Fledging_Communities"
"PDN","WDY",4,2,FALSE,"Summer 2026 Post-Fledging_Communities"
"PND","WDY",8,2,FALSE,"Summer 2026 Post-Fledging_Communities"
"RGT","WDY",9,2,FALSE,"Summer 2026 Post-Fledging_Communities"
"RNO","WDY",8,2,FALSE,"Summer 2026 Post-Fledging_Communities"
"ROW","WDY",5,2,FALSE,"Summer 2026 Post-Fledging_Communities"
"RTT","WDY",10,2,FALSE,"Summer 2026 Post-Fledging_Communities"
"SDO","WDY",11,2,FALSE,"Summer 2026 Post-Fledging_Communities"
"SDR","WDY",4,2,FALSE,"Summer 2026 Post-Fledging_Communities"
"SDT","WDY",4,2,FALSE,"Summer 2026 Post-Fledging_Communities"
"SGB","WDY",9,2,FALSE,"Summer 2026 Post-Fledging_Communities"
"SNR (was SNO)","WDY",12,2,FALSE,"Summer 2026 Post-Fledging_Communities"
"SOG","WDY",6,2,FALSE,"Summer 2026 Post-Fledging_Communities"
"SPT","WDY",6,2,FALSE,"Summer 2026 Post-Fledging_Communities"
"SPW","WDY",5,2,FALSE,"Summer 2026 Post-Fledging_Communities"
"SSS","WDY",4,2,FALSE,"Summer 2026 Post-Fledging_Communities"
"STT","WDY",9,2,FALSE,"Summer 2026 Post-Fledging_Communities"
"SWB","WDY",4,2,FALSE,"Summer 2026 Post-Fledging_Communities"
"SYO","WDY",4,2,FALSE,"Summer 2026 Post-Fledging_Communities"
"WDD","WDY",1,2,FALSE,"Summer 2026 Post-Fledging_Communities"
"SWT","WDY",11,2,FALSE,"Summer 2026 Post-Fledging_Communities"
"RDO","WDY",14,2,FALSE,"Summer 2026 Post-Fledging_Communities"
"CRY","WNP",1,5,FALSE,"Summer 2026 Post-Fledging_Communities"
"GBO (was GPT)","WNP",2,5,FALSE,"Summer 2026 Post-Fledging_Communities"
"GDN (was GDY)","WNP",1,5,FALSE,"Summer 2026 Post-Fledging_Communities"
"GDO","WNP",3,5,FALSE,"Summer 2026 Post-Fledging_Communities"
"GNG","WNP",4,5,FALSE,"Summer 2026 Post-Fledging_Communities"
"GPB","WNP",5,5,TRUE,"Summer 2026 Post-Fledging_Communities"
"GPR","WNP",1,5,FALSE,"Summer 2026 Post-Fledging_Communities"
"GPW","WNP",2,5,FALSE,"Summer 2026 Post-Fledging_Communities"
"GSN","WNP",2,5,FALSE,"Summer 2026 Post-Fledging_Communities"
"GTP","WNP",6,5,FALSE,"Summer 2026 Post-Fledging_Communities"
"NRO","WNP",7,5,FALSE,"Summer 2026 Post-Fledging_Communities"
"NSS","WNP",7,5,FALSE,"Summer 2026 Post-Fledging_Communities"
"PDN","WNP",4,5,FALSE,"Summer 2026 Post-Fledging_Communities"
"PND","WNP",8,5,FALSE,"Summer 2026 Post-Fledging_Communities"
"RGT","WNP",9,5,FALSE,"Summer 2026 Post-Fledging_Communities"
"RNO","WNP",8,5,FALSE,"Summer 2026 Post-Fledging_Communities"
"ROW","WNP",5,5,TRUE,"Summer 2026 Post-Fledging_Communities"
"RTT","WNP",10,5,FALSE,"Summer 2026 Post-Fledging_Communities"
"SDO","WNP",11,5,FALSE,"Summer 2026 Post-Fledging_Communities"
"SDR","WNP",4,5,FALSE,"Summer 2026 Post-Fledging_Communities"
"SDT","WNP",4,5,FALSE,"Summer 2026 Post-Fledging_Communities"
"SGB","WNP",9,5,FALSE,"Summer 2026 Post-Fledging_Communities"
"SNR (was SNO)","WNP",12,5,FALSE,"Summer 2026 Post-Fledging_Communities"
"SOG","WNP",6,5,FALSE,"Summer 2026 Post-Fledging_Communities"
"SPT","WNP",6,5,FALSE,"Summer 2026 Post-Fledging_Communities"
"SPW","WNP",5,5,TRUE,"Summer 2026 Post-Fledging_Communities"
"SSS","WNP",4,5,FALSE,"Summer 2026 Post-Fledging_Communities"
"STT","WNP",9,5,FALSE,"Summer 2026 Post-Fledging_Communities"
"SWB","WNP",4,5,FALSE,"Summer 2026 Post-Fledging_Communities"
"SYO","WNP",4,5,FALSE,"Summer 2026 Post-Fledging_Communities"
"WDD","WNP",1,5,FALSE,"Summer 2026 Post-Fledging_Communities"
"WDY","WNP",2,5,FALSE,"Summer 2026 Post-Fledging_Communities"
"SWT","WNP",11,5,FALSE,"Summer 2026 Post-Fledging_Communities"
"RDO","WNP",14,5,FALSE,"Summer 2026 Post-Fledging_Communities"
"CRY","WNS",1,12,FALSE,"Summer 2026 Post-Fledging_Communities"
"GBO (was GPT)","WNS",2,12,FALSE,"Summer 2026 Post-Fledging_Communities"
"GDN (was GDY)","WNS",1,12,FALSE,"Summer 2026 Post-Fledging_Communities"
"GDO","WNS",3,12,FALSE,"Summer 2026 Post-Fledging_Communities"
"GNG","WNS",4,12,FALSE,"Summer 2026 Post-Fledging_Communities"
"GPB","WNS",5,12,FALSE,"Summer 2026 Post-Fledging_Communities"
"GPR","WNS",1,12,FALSE,"Summer 2026 Post-Fledging_Communities"
"GPW","WNS",2,12,FALSE,"Summer 2026 Post-Fledging_Communities"
"GSN","WNS",2,12,FALSE,"Summer 2026 Post-Fledging_Communities"
"GTP","WNS",6,12,FALSE,"Summer 2026 Post-Fledging_Communities"
"NRO","WNS",7,12,FALSE,"Summer 2026 Post-Fledging_Communities"
"NSS","WNS",7,12,FALSE,"Summer 2026 Post-Fledging_Communities"
"PDN","WNS",4,12,FALSE,"Summer 2026 Post-Fledging_Communities"
"PND","WNS",8,12,FALSE,"Summer 2026 Post-Fledging_Communities"
"RGT","WNS",9,12,FALSE,"Summer 2026 Post-Fledging_Communities"
"RNO","WNS",8,12,FALSE,"Summer 2026 Post-Fledging_Communities"
"ROW","WNS",5,12,FALSE,"Summer 2026 Post-Fledging_Communities"
"RTT","WNS",10,12,FALSE,"Summer 2026 Post-Fledging_Communities"
"SDO","WNS",11,12,FALSE,"Summer 2026 Post-Fledging_Communities"
"SDR","WNS",4,12,FALSE,"Summer 2026 Post-Fledging_Communities"
"SDT","WNS",4,12,FALSE,"Summer 2026 Post-Fledging_Communities"
"SGB","WNS",9,12,FALSE,"Summer 2026 Post-Fledging_Communities"
"SNR (was SNO)","WNS",12,12,TRUE,"Summer 2026 Post-Fledging_Communities"
"SOG","WNS",6,12,FALSE,"Summer 2026 Post-Fledging_Communities"
"SPT","WNS",6,12,FALSE,"Summer 2026 Post-Fledging_Communities"
"SPW","WNS",5,12,FALSE,"Summer 2026 Post-Fledging_Communities"
"SSS","WNS",4,12,FALSE,"Summer 2026 Post-Fledging_Communities"
"STT","WNS",9,12,FALSE,"Summer 2026 Post-Fledging_Communities"
"SWB","WNS",4,12,FALSE,"Summer 2026 Post-Fledging_Communities"
"SYO","WNS",4,12,FALSE,"Summer 2026 Post-Fledging_Communities"
"WDD","WNS",1,12,FALSE,"Summer 2026 Post-Fledging_Communities"
"WDY","WNS",2,12,FALSE,"Summer 2026 Post-Fledging_Communities"
"WNP","WNS",5,12,FALSE,"Summer 2026 Post-Fledging_Communities"
"SWT","WNS",11,12,FALSE,"Summer 2026 Post-Fledging_Communities"
"RDO","WNS",14,12,FALSE,"Summer 2026 Post-Fledging_Communities"
"CRY","WOG",1,13,FALSE,"Summer 2026 Post-Fledging_Communities"
"GBO (was GPT)","WOG",2,13,FALSE,"Summer 2026 Post-Fledging_Communities"
"GDN (was GDY)","WOG",1,13,FALSE,"Summer 2026 Post-Fledging_Communities"
"GDO","WOG",3,13,FALSE,"Summer 2026 Post-Fledging_Communities"
"GNG","WOG",4,13,FALSE,"Summer 2026 Post-Fledging_Communities"
"GPB","WOG",5,13,FALSE,"Summer 2026 Post-Fledging_Communities"
"GPR","WOG",1,13,FALSE,"Summer 2026 Post-Fledging_Communities"
"GPW","WOG",2,13,FALSE,"Summer 2026 Post-Fledging_Communities"
"GSN","WOG",2,13,FALSE,"Summer 2026 Post-Fledging_Communities"
"GTP","WOG",6,13,FALSE,"Summer 2026 Post-Fledging_Communities"
"NRO","WOG",7,13,FALSE,"Summer 2026 Post-Fledging_Communities"
"NSS","WOG",7,13,FALSE,"Summer 2026 Post-Fledging_Communities"
"PDN","WOG",4,13,FALSE,"Summer 2026 Post-Fledging_Communities"
"PND","WOG",8,13,FALSE,"Summer 2026 Post-Fledging_Communities"
"RGT","WOG",9,13,FALSE,"Summer 2026 Post-Fledging_Communities"
"RNO","WOG",8,13,FALSE,"Summer 2026 Post-Fledging_Communities"
"ROW","WOG",5,13,FALSE,"Summer 2026 Post-Fledging_Communities"
"RTT","WOG",10,13,FALSE,"Summer 2026 Post-Fledging_Communities"
"SDO","WOG",11,13,FALSE,"Summer 2026 Post-Fledging_Communities"
"SDR","WOG",4,13,FALSE,"Summer 2026 Post-Fledging_Communities"
"SDT","WOG",4,13,FALSE,"Summer 2026 Post-Fledging_Communities"
"SGB","WOG",9,13,FALSE,"Summer 2026 Post-Fledging_Communities"
"SNR (was SNO)","WOG",12,13,FALSE,"Summer 2026 Post-Fledging_Communities"
"SOG","WOG",6,13,FALSE,"Summer 2026 Post-Fledging_Communities"
"SPT","WOG",6,13,FALSE,"Summer 2026 Post-Fledging_Communities"
"SPW","WOG",5,13,FALSE,"Summer 2026 Post-Fledging_Communities"
"SSS","WOG",4,13,FALSE,"Summer 2026 Post-Fledging_Communities"
"STT","WOG",9,13,FALSE,"Summer 2026 Post-Fledging_Communities"
"SWB","WOG",4,13,FALSE,"Summer 2026 Post-Fledging_Communities"
"SYO","WOG",4,13,FALSE,"Summer 2026 Post-Fledging_Communities"
"WDD","WOG",1,13,FALSE,"Summer 2026 Post-Fledging_Communities"
"WDY","WOG",2,13,FALSE,"Summer 2026 Post-Fledging_Communities"
"WNP","WOG",5,13,FALSE,"Summer 2026 Post-Fledging_Communities"
"WNS","WOG",12,13,FALSE,"Summer 2026 Post-Fledging_Communities"
"SWT","WOG",11,13,FALSE,"Summer 2026 Post-Fledging_Communities"
"RDO","WOG",14,13,FALSE,"Summer 2026 Post-Fledging_Communities"
"CRY","WPB",1,5,FALSE,"Summer 2026 Post-Fledging_Communities"
"GBO (was GPT)","WPB",2,5,FALSE,"Summer 2026 Post-Fledging_Communities"
"GDN (was GDY)","WPB",1,5,FALSE,"Summer 2026 Post-Fledging_Communities"
"GDO","WPB",3,5,FALSE,"Summer 2026 Post-Fledging_Communities"
"GNG","WPB",4,5,FALSE,"Summer 2026 Post-Fledging_Communities"
"GPB","WPB",5,5,TRUE,"Summer 2026 Post-Fledging_Communities"
"GPR","WPB",1,5,FALSE,"Summer 2026 Post-Fledging_Communities"
"GPW","WPB",2,5,FALSE,"Summer 2026 Post-Fledging_Communities"
"GSN","WPB",2,5,FALSE,"Summer 2026 Post-Fledging_Communities"
"GTP","WPB",6,5,FALSE,"Summer 2026 Post-Fledging_Communities"
"NRO","WPB",7,5,FALSE,"Summer 2026 Post-Fledging_Communities"
"NSS","WPB",7,5,FALSE,"Summer 2026 Post-Fledging_Communities"
"PDN","WPB",4,5,FALSE,"Summer 2026 Post-Fledging_Communities"
"PND","WPB",8,5,FALSE,"Summer 2026 Post-Fledging_Communities"
"RGT","WPB",9,5,FALSE,"Summer 2026 Post-Fledging_Communities"
"RNO","WPB",8,5,FALSE,"Summer 2026 Post-Fledging_Communities"
"ROW","WPB",5,5,TRUE,"Summer 2026 Post-Fledging_Communities"
"RTT","WPB",10,5,FALSE,"Summer 2026 Post-Fledging_Communities"
"SDO","WPB",11,5,FALSE,"Summer 2026 Post-Fledging_Communities"
"SDR","WPB",4,5,FALSE,"Summer 2026 Post-Fledging_Communities"
"SDT","WPB",4,5,FALSE,"Summer 2026 Post-Fledging_Communities"
"SGB","WPB",9,5,FALSE,"Summer 2026 Post-Fledging_Communities"
"SNR (was SNO)","WPB",12,5,FALSE,"Summer 2026 Post-Fledging_Communities"
"SOG","WPB",6,5,FALSE,"Summer 2026 Post-Fledging_Communities"
"SPT","WPB",6,5,FALSE,"Summer 2026 Post-Fledging_Communities"
"SPW","WPB",5,5,TRUE,"Summer 2026 Post-Fledging_Communities"
"SSS","WPB",4,5,FALSE,"Summer 2026 Post-Fledging_Communities"
"STT","WPB",9,5,FALSE,"Summer 2026 Post-Fledging_Communities"
"SWB","WPB",4,5,FALSE,"Summer 2026 Post-Fledging_Communities"
"SYO","WPB",4,5,FALSE,"Summer 2026 Post-Fledging_Communities"
"WDD","WPB",1,5,FALSE,"Summer 2026 Post-Fledging_Communities"
"WDY","WPB",2,5,FALSE,"Summer 2026 Post-Fledging_Communities"
"WNP","WPB",5,5,TRUE,"Summer 2026 Post-Fledging_Communities"
"WNS","WPB",12,5,FALSE,"Summer 2026 Post-Fledging_Communities"
"WOG","WPB",13,5,FALSE,"Summer 2026 Post-Fledging_Communities"
"SWT","WPB",11,5,FALSE,"Summer 2026 Post-Fledging_Communities"
"RDO","WPB",14,5,FALSE,"Summer 2026 Post-Fledging_Communities"
"CRY","WPD",1,7,FALSE,"Summer 2026 Post-Fledging_Communities"
"GBO (was GPT)","WPD",2,7,FALSE,"Summer 2026 Post-Fledging_Communities"
"GDN (was GDY)","WPD",1,7,FALSE,"Summer 2026 Post-Fledging_Communities"
"GDO","WPD",3,7,FALSE,"Summer 2026 Post-Fledging_Communities"
"GNG","WPD",4,7,FALSE,"Summer 2026 Post-Fledging_Communities"
"GPB","WPD",5,7,FALSE,"Summer 2026 Post-Fledging_Communities"
"GPR","WPD",1,7,FALSE,"Summer 2026 Post-Fledging_Communities"
"GPW","WPD",2,7,FALSE,"Summer 2026 Post-Fledging_Communities"
"GSN","WPD",2,7,FALSE,"Summer 2026 Post-Fledging_Communities"
"GTP","WPD",6,7,FALSE,"Summer 2026 Post-Fledging_Communities"
"NRO","WPD",7,7,TRUE,"Summer 2026 Post-Fledging_Communities"
"NSS","WPD",7,7,TRUE,"Summer 2026 Post-Fledging_Communities"
"PDN","WPD",4,7,FALSE,"Summer 2026 Post-Fledging_Communities"
"PND","WPD",8,7,FALSE,"Summer 2026 Post-Fledging_Communities"
"RGT","WPD",9,7,FALSE,"Summer 2026 Post-Fledging_Communities"
"RNO","WPD",8,7,FALSE,"Summer 2026 Post-Fledging_Communities"
"ROW","WPD",5,7,FALSE,"Summer 2026 Post-Fledging_Communities"
"RTT","WPD",10,7,FALSE,"Summer 2026 Post-Fledging_Communities"
"SDO","WPD",11,7,FALSE,"Summer 2026 Post-Fledging_Communities"
"SDR","WPD",4,7,FALSE,"Summer 2026 Post-Fledging_Communities"
"SDT","WPD",4,7,FALSE,"Summer 2026 Post-Fledging_Communities"
"SGB","WPD",9,7,FALSE,"Summer 2026 Post-Fledging_Communities"
"SNR (was SNO)","WPD",12,7,FALSE,"Summer 2026 Post-Fledging_Communities"
"SOG","WPD",6,7,FALSE,"Summer 2026 Post-Fledging_Communities"
"SPT","WPD",6,7,FALSE,"Summer 2026 Post-Fledging_Communities"
"SPW","WPD",5,7,FALSE,"Summer 2026 Post-Fledging_Communities"
"SSS","WPD",4,7,FALSE,"Summer 2026 Post-Fledging_Communities"
"STT","WPD",9,7,FALSE,"Summer 2026 Post-Fledging_Communities"
"SWB","WPD",4,7,FALSE,"Summer 2026 Post-Fledging_Communities"
"SYO","WPD",4,7,FALSE,"Summer 2026 Post-Fledging_Communities"
"WDD","WPD",1,7,FALSE,"Summer 2026 Post-Fledging_Communities"
"WDY","WPD",2,7,FALSE,"Summer 2026 Post-Fledging_Communities"
"WNP","WPD",5,7,FALSE,"Summer 2026 Post-Fledging_Communities"
"WNS","WPD",12,7,FALSE,"Summer 2026 Post-Fledging_Communities"
"WOG","WPD",13,7,FALSE,"Summer 2026 Post-Fledging_Communities"
"WPB","WPD",5,7,FALSE,"Summer 2026 Post-Fledging_Communities"
"SWT","WPD",11,7,FALSE,"Summer 2026 Post-Fledging_Communities"
"RDO","WPD",14,7,FALSE,"Summer 2026 Post-Fledging_Communities"
"CRY","WPG",1,6,FALSE,"Summer 2026 Post-Fledging_Communities"
"GBO (was GPT)","WPG",2,6,FALSE,"Summer 2026 Post-Fledging_Communities"
"GDN (was GDY)","WPG",1,6,FALSE,"Summer 2026 Post-Fledging_Communities"
"GDO","WPG",3,6,FALSE,"Summer 2026 Post-Fledging_Communities"
"GNG","WPG",4,6,FALSE,"Summer 2026 Post-Fledging_Communities"
"GPB","WPG",5,6,FALSE,"Summer 2026 Post-Fledging_Communities"
"GPR","WPG",1,6,FALSE,"Summer 2026 Post-Fledging_Communities"
"GPW","WPG",2,6,FALSE,"Summer 2026 Post-Fledging_Communities"
"GSN","WPG",2,6,FALSE,"Summer 2026 Post-Fledging_Communities"
"GTP","WPG",6,6,TRUE,"Summer 2026 Post-Fledging_Communities"
"NRO","WPG",7,6,FALSE,"Summer 2026 Post-Fledging_Communities"
"NSS","WPG",7,6,FALSE,"Summer 2026 Post-Fledging_Communities"
"PDN","WPG",4,6,FALSE,"Summer 2026 Post-Fledging_Communities"
"PND","WPG",8,6,FALSE,"Summer 2026 Post-Fledging_Communities"
"RGT","WPG",9,6,FALSE,"Summer 2026 Post-Fledging_Communities"
"RNO","WPG",8,6,FALSE,"Summer 2026 Post-Fledging_Communities"
"ROW","WPG",5,6,FALSE,"Summer 2026 Post-Fledging_Communities"
"RTT","WPG",10,6,FALSE,"Summer 2026 Post-Fledging_Communities"
"SDO","WPG",11,6,FALSE,"Summer 2026 Post-Fledging_Communities"
"SDR","WPG",4,6,FALSE,"Summer 2026 Post-Fledging_Communities"
"SDT","WPG",4,6,FALSE,"Summer 2026 Post-Fledging_Communities"
"SGB","WPG",9,6,FALSE,"Summer 2026 Post-Fledging_Communities"
"SNR (was SNO)","WPG",12,6,FALSE,"Summer 2026 Post-Fledging_Communities"
"SOG","WPG",6,6,TRUE,"Summer 2026 Post-Fledging_Communities"
"SPT","WPG",6,6,TRUE,"Summer 2026 Post-Fledging_Communities"
"SPW","WPG",5,6,FALSE,"Summer 2026 Post-Fledging_Communities"
"SSS","WPG",4,6,FALSE,"Summer 2026 Post-Fledging_Communities"
"STT","WPG",9,6,FALSE,"Summer 2026 Post-Fledging_Communities"
"SWB","WPG",4,6,FALSE,"Summer 2026 Post-Fledging_Communities"
"SYO","WPG",4,6,FALSE,"Summer 2026 Post-Fledging_Communities"
"WDD","WPG",1,6,FALSE,"Summer 2026 Post-Fledging_Communities"
"WDY","WPG",2,6,FALSE,"Summer 2026 Post-Fledging_Communities"
"WNP","WPG",5,6,FALSE,"Summer 2026 Post-Fledging_Communities"
"WNS","WPG",12,6,FALSE,"Summer 2026 Post-Fledging_Communities"
"WOG","WPG",13,6,FALSE,"Summer 2026 Post-Fledging_Communities"
"WPB","WPG",5,6,FALSE,"Summer 2026 Post-Fledging_Communities"
"WPD","WPG",7,6,FALSE,"Summer 2026 Post-Fledging_Communities"
"SWT","WPG",11,6,FALSE,"Summer 2026 Post-Fledging_Communities"
"RDO","WPG",14,6,FALSE,"Summer 2026 Post-Fledging_Communities"
"CRY","WPS",1,3,FALSE,"Summer 2026 Post-Fledging_Communities"
"GBO (was GPT)","WPS",2,3,FALSE,"Summer 2026 Post-Fledging_Communities"
"GDN (was GDY)","WPS",1,3,FALSE,"Summer 2026 Post-Fledging_Communities"
"GDO","WPS",3,3,TRUE,"Summer 2026 Post-Fledging_Communities"
"GNG","WPS",4,3,FALSE,"Summer 2026 Post-Fledging_Communities"
"GPB","WPS",5,3,FALSE,"Summer 2026 Post-Fledging_Communities"
"GPR","WPS",1,3,FALSE,"Summer 2026 Post-Fledging_Communities"
"GPW","WPS",2,3,FALSE,"Summer 2026 Post-Fledging_Communities"
"GSN","WPS",2,3,FALSE,"Summer 2026 Post-Fledging_Communities"
"GTP","WPS",6,3,FALSE,"Summer 2026 Post-Fledging_Communities"
"NRO","WPS",7,3,FALSE,"Summer 2026 Post-Fledging_Communities"
"NSS","WPS",7,3,FALSE,"Summer 2026 Post-Fledging_Communities"
"PDN","WPS",4,3,FALSE,"Summer 2026 Post-Fledging_Communities"
"PND","WPS",8,3,FALSE,"Summer 2026 Post-Fledging_Communities"
"RGT","WPS",9,3,FALSE,"Summer 2026 Post-Fledging_Communities"
"RNO","WPS",8,3,FALSE,"Summer 2026 Post-Fledging_Communities"
"ROW","WPS",5,3,FALSE,"Summer 2026 Post-Fledging_Communities"
"RTT","WPS",10,3,FALSE,"Summer 2026 Post-Fledging_Communities"
"SDO","WPS",11,3,FALSE,"Summer 2026 Post-Fledging_Communities"
"SDR","WPS",4,3,FALSE,"Summer 2026 Post-Fledging_Communities"
"SDT","WPS",4,3,FALSE,"Summer 2026 Post-Fledging_Communities"
"SGB","WPS",9,3,FALSE,"Summer 2026 Post-Fledging_Communities"
"SNR (was SNO)","WPS",12,3,FALSE,"Summer 2026 Post-Fledging_Communities"
"SOG","WPS",6,3,FALSE,"Summer 2026 Post-Fledging_Communities"
"SPT","WPS",6,3,FALSE,"Summer 2026 Post-Fledging_Communities"
"SPW","WPS",5,3,FALSE,"Summer 2026 Post-Fledging_Communities"
"SSS","WPS",4,3,FALSE,"Summer 2026 Post-Fledging_Communities"
"STT","WPS",9,3,FALSE,"Summer 2026 Post-Fledging_Communities"
"SWB","WPS",4,3,FALSE,"Summer 2026 Post-Fledging_Communities"
"SYO","WPS",4,3,FALSE,"Summer 2026 Post-Fledging_Communities"
"WDD","WPS",1,3,FALSE,"Summer 2026 Post-Fledging_Communities"
"WDY","WPS",2,3,FALSE,"Summer 2026 Post-Fledging_Communities"
"WNP","WPS",5,3,FALSE,"Summer 2026 Post-Fledging_Communities"
"WNS","WPS",12,3,FALSE,"Summer 2026 Post-Fledging_Communities"
"WOG","WPS",13,3,FALSE,"Summer 2026 Post-Fledging_Communities"
"WPB","WPS",5,3,FALSE,"Summer 2026 Post-Fledging_Communities"
"WPD","WPS",7,3,FALSE,"Summer 2026 Post-Fledging_Communities"
"WPG","WPS",6,3,FALSE,"Summer 2026 Post-Fledging_Communities"
"SWT","WPS",11,3,FALSE,"Summer 2026 Post-Fledging_Communities"
"RDO","WPS",14,3,FALSE,"Summer 2026 Post-Fledging_Communities"
"CRY","WSY",1,13,FALSE,"Summer 2026 Post-Fledging_Communities"
"GBO (was GPT)","WSY",2,13,FALSE,"Summer 2026 Post-Fledging_Communities"
"GDN (was GDY)","WSY",1,13,FALSE,"Summer 2026 Post-Fledging_Communities"
"GDO","WSY",3,13,FALSE,"Summer 2026 Post-Fledging_Communities"
"GNG","WSY",4,13,FALSE,"Summer 2026 Post-Fledging_Communities"
"GPB","WSY",5,13,FALSE,"Summer 2026 Post-Fledging_Communities"
"GPR","WSY",1,13,FALSE,"Summer 2026 Post-Fledging_Communities"
"GPW","WSY",2,13,FALSE,"Summer 2026 Post-Fledging_Communities"
"GSN","WSY",2,13,FALSE,"Summer 2026 Post-Fledging_Communities"
"GTP","WSY",6,13,FALSE,"Summer 2026 Post-Fledging_Communities"
"NRO","WSY",7,13,FALSE,"Summer 2026 Post-Fledging_Communities"
"NSS","WSY",7,13,FALSE,"Summer 2026 Post-Fledging_Communities"
"PDN","WSY",4,13,FALSE,"Summer 2026 Post-Fledging_Communities"
"PND","WSY",8,13,FALSE,"Summer 2026 Post-Fledging_Communities"
"RGT","WSY",9,13,FALSE,"Summer 2026 Post-Fledging_Communities"
"RNO","WSY",8,13,FALSE,"Summer 2026 Post-Fledging_Communities"
"ROW","WSY",5,13,FALSE,"Summer 2026 Post-Fledging_Communities"
"RTT","WSY",10,13,FALSE,"Summer 2026 Post-Fledging_Communities"
"SDO","WSY",11,13,FALSE,"Summer 2026 Post-Fledging_Communities"
"SDR","WSY",4,13,FALSE,"Summer 2026 Post-Fledging_Communities"
"SDT","WSY",4,13,FALSE,"Summer 2026 Post-Fledging_Communities"
"SGB","WSY",9,13,FALSE,"Summer 2026 Post-Fledging_Communities"
"SNR (was SNO)","WSY",12,13,FALSE,"Summer 2026 Post-Fledging_Communities"
"SOG","WSY",6,13,FALSE,"Summer 2026 Post-Fledging_Communities"
"SPT","WSY",6,13,FALSE,"Summer 2026 Post-Fledging_Communities"
"SPW","WSY",5,13,FALSE,"Summer 2026 Post-Fledging_Communities"
"SSS","WSY",4,13,FALSE,"Summer 2026 Post-Fledging_Communities"
"STT","WSY",9,13,FALSE,"Summer 2026 Post-Fledging_Communities"
"SWB","WSY",4,13,FALSE,"Summer 2026 Post-Fledging_Communities"
"SYO","WSY",4,13,FALSE,"Summer 2026 Post-Fledging_Communities"
"WDD","WSY",1,13,FALSE,"Summer 2026 Post-Fledging_Communities"
"WDY","WSY",2,13,FALSE,"Summer 2026 Post-Fledging_Communities"
"WNP","WSY",5,13,FALSE,"Summer 2026 Post-Fledging_Communities"
"WNS","WSY",12,13,FALSE,"Summer 2026 Post-Fledging_Communities"
"WOG","WSY",13,13,TRUE,"Summer 2026 Post-Fledging_Communities"
"WPB","WSY",5,13,FALSE,"Summer 2026 Post-Fledging_Communities"
"WPD","WSY",7,13,FALSE,"Summer 2026 Post-Fledging_Communities"
"WPG","WSY",6,13,FALSE,"Summer 2026 Post-Fledging_Communities"
"WPS","WSY",3,13,FALSE,"Summer 2026 Post-Fledging_Communities"
"SWT","WSY",11,13,FALSE,"Summer 2026 Post-Fledging_Communities"
"RDO","WSY",14,13,FALSE,"Summer 2026 Post-Fledging_Communities"
"CRY","WYD",1,10,FALSE,"Summer 2026 Post-Fledging_Communities"
"GBO (was GPT)","WYD",2,10,FALSE,"Summer 2026 Post-Fledging_Communities"
"GDN (was GDY)","WYD",1,10,FALSE,"Summer 2026 Post-Fledging_Communities"
"GDO","WYD",3,10,FALSE,"Summer 2026 Post-Fledging_Communities"
"GNG","WYD",4,10,FALSE,"Summer 2026 Post-Fledging_Communities"
"GPB","WYD",5,10,FALSE,"Summer 2026 Post-Fledging_Communities"
"GPR","WYD",1,10,FALSE,"Summer 2026 Post-Fledging_Communities"
"GPW","WYD",2,10,FALSE,"Summer 2026 Post-Fledging_Communities"
"GSN","WYD",2,10,FALSE,"Summer 2026 Post-Fledging_Communities"
"GTP","WYD",6,10,FALSE,"Summer 2026 Post-Fledging_Communities"
"NRO","WYD",7,10,FALSE,"Summer 2026 Post-Fledging_Communities"
"NSS","WYD",7,10,FALSE,"Summer 2026 Post-Fledging_Communities"
"PDN","WYD",4,10,FALSE,"Summer 2026 Post-Fledging_Communities"
"PND","WYD",8,10,FALSE,"Summer 2026 Post-Fledging_Communities"
"RGT","WYD",9,10,FALSE,"Summer 2026 Post-Fledging_Communities"
"RNO","WYD",8,10,FALSE,"Summer 2026 Post-Fledging_Communities"
"ROW","WYD",5,10,FALSE,"Summer 2026 Post-Fledging_Communities"
"RTT","WYD",10,10,TRUE,"Summer 2026 Post-Fledging_Communities"
"SDO","WYD",11,10,FALSE,"Summer 2026 Post-Fledging_Communities"
"SDR","WYD",4,10,FALSE,"Summer 2026 Post-Fledging_Communities"
"SDT","WYD",4,10,FALSE,"Summer 2026 Post-Fledging_Communities"
"SGB","WYD",9,10,FALSE,"Summer 2026 Post-Fledging_Communities"
"SNR (was SNO)","WYD",12,10,FALSE,"Summer 2026 Post-Fledging_Communities"
"SOG","WYD",6,10,FALSE,"Summer 2026 Post-Fledging_Communities"
"SPT","WYD",6,10,FALSE,"Summer 2026 Post-Fledging_Communities"
"SPW","WYD",5,10,FALSE,"Summer 2026 Post-Fledging_Communities"
"SSS","WYD",4,10,FALSE,"Summer 2026 Post-Fledging_Communities"
"STT","WYD",9,10,FALSE,"Summer 2026 Post-Fledging_Communities"
"SWB","WYD",4,10,FALSE,"Summer 2026 Post-Fledging_Communities"
"SYO","WYD",4,10,FALSE,"Summer 2026 Post-Fledging_Communities"
"WDD","WYD",1,10,FALSE,"Summer 2026 Post-Fledging_Communities"
"WDY","WYD",2,10,FALSE,"Summer 2026 Post-Fledging_Communities"
"WNP","WYD",5,10,FALSE,"Summer 2026 Post-Fledging_Communities"
"WNS","WYD",12,10,FALSE,"Summer 2026 Post-Fledging_Communities"
"WOG","WYD",13,10,FALSE,"Summer 2026 Post-Fledging_Communities"
"WPB","WYD",5,10,FALSE,"Summer 2026 Post-Fledging_Communities"
"WPD","WYD",7,10,FALSE,"Summer 2026 Post-Fledging_Communities"
"WPG","WYD",6,10,FALSE,"Summer 2026 Post-Fledging_Communities"
"WPS","WYD",3,10,FALSE,"Summer 2026 Post-Fledging_Communities"
"WSY","WYD",13,10,FALSE,"Summer 2026 Post-Fledging_Communities"
"SWT","WYD",11,10,FALSE,"Summer 2026 Post-Fledging_Communities"
"RDO","WYD",14,10,FALSE,"Summer 2026 Post-Fledging_Communities"
"CRY","YBN",1,13,FALSE,"Summer 2026 Post-Fledging_Communities"
"GBO (was GPT)","YBN",2,13,FALSE,"Summer 2026 Post-Fledging_Communities"
"GDN (was GDY)","YBN",1,13,FALSE,"Summer 2026 Post-Fledging_Communities"
"GDO","YBN",3,13,FALSE,"Summer 2026 Post-Fledging_Communities"
"GNG","YBN",4,13,FALSE,"Summer 2026 Post-Fledging_Communities"
"GPB","YBN",5,13,FALSE,"Summer 2026 Post-Fledging_Communities"
"GPR","YBN",1,13,FALSE,"Summer 2026 Post-Fledging_Communities"
"GPW","YBN",2,13,FALSE,"Summer 2026 Post-Fledging_Communities"
"GSN","YBN",2,13,FALSE,"Summer 2026 Post-Fledging_Communities"
"GTP","YBN",6,13,FALSE,"Summer 2026 Post-Fledging_Communities"
"NRO","YBN",7,13,FALSE,"Summer 2026 Post-Fledging_Communities"
"NSS","YBN",7,13,FALSE,"Summer 2026 Post-Fledging_Communities"
"PDN","YBN",4,13,FALSE,"Summer 2026 Post-Fledging_Communities"
"PND","YBN",8,13,FALSE,"Summer 2026 Post-Fledging_Communities"
"RGT","YBN",9,13,FALSE,"Summer 2026 Post-Fledging_Communities"
"RNO","YBN",8,13,FALSE,"Summer 2026 Post-Fledging_Communities"
"ROW","YBN",5,13,FALSE,"Summer 2026 Post-Fledging_Communities"
"RTT","YBN",10,13,FALSE,"Summer 2026 Post-Fledging_Communities"
"SDO","YBN",11,13,FALSE,"Summer 2026 Post-Fledging_Communities"
"SDR","YBN",4,13,FALSE,"Summer 2026 Post-Fledging_Communities"
"SDT","YBN",4,13,FALSE,"Summer 2026 Post-Fledging_Communities"
"SGB","YBN",9,13,FALSE,"Summer 2026 Post-Fledging_Communities"
"SNR (was SNO)","YBN",12,13,FALSE,"Summer 2026 Post-Fledging_Communities"
"SOG","YBN",6,13,FALSE,"Summer 2026 Post-Fledging_Communities"
"SPT","YBN",6,13,FALSE,"Summer 2026 Post-Fledging_Communities"
"SPW","YBN",5,13,FALSE,"Summer 2026 Post-Fledging_Communities"
"SSS","YBN",4,13,FALSE,"Summer 2026 Post-Fledging_Communities"
"STT","YBN",9,13,FALSE,"Summer 2026 Post-Fledging_Communities"
"SWB","YBN",4,13,FALSE,"Summer 2026 Post-Fledging_Communities"
"SYO","YBN",4,13,FALSE,"Summer 2026 Post-Fledging_Communities"
"WDD","YBN",1,13,FALSE,"Summer 2026 Post-Fledging_Communities"
"WDY","YBN",2,13,FALSE,"Summer 2026 Post-Fledging_Communities"
"WNP","YBN",5,13,FALSE,"Summer 2026 Post-Fledging_Communities"
"WNS","YBN",12,13,FALSE,"Summer 2026 Post-Fledging_Communities"
"WOG","YBN",13,13,TRUE,"Summer 2026 Post-Fledging_Communities"
"WPB","YBN",5,13,FALSE,"Summer 2026 Post-Fledging_Communities"
"WPD","YBN",7,13,FALSE,"Summer 2026 Post-Fledging_Communities"
"WPG","YBN",6,13,FALSE,"Summer 2026 Post-Fledging_Communities"
"WPS","YBN",3,13,FALSE,"Summer 2026 Post-Fledging_Communities"
"WSY","YBN",13,13,TRUE,"Summer 2026 Post-Fledging_Communities"
"WYD","YBN",10,13,FALSE,"Summer 2026 Post-Fledging_Communities"
"SWT","YBN",11,13,FALSE,"Summer 2026 Post-Fledging_Communities"
"RDO","YBN",14,13,FALSE,"Summer 2026 Post-Fledging_Communities"
"CRY","YDT",1,7,FALSE,"Summer 2026 Post-Fledging_Communities"
"GBO (was GPT)","YDT",2,7,FALSE,"Summer 2026 Post-Fledging_Communities"
"GDN (was GDY)","YDT",1,7,FALSE,"Summer 2026 Post-Fledging_Communities"
"GDO","YDT",3,7,FALSE,"Summer 2026 Post-Fledging_Communities"
"GNG","YDT",4,7,FALSE,"Summer 2026 Post-Fledging_Communities"
"GPB","YDT",5,7,FALSE,"Summer 2026 Post-Fledging_Communities"
"GPR","YDT",1,7,FALSE,"Summer 2026 Post-Fledging_Communities"
"GPW","YDT",2,7,FALSE,"Summer 2026 Post-Fledging_Communities"
"GSN","YDT",2,7,FALSE,"Summer 2026 Post-Fledging_Communities"
"GTP","YDT",6,7,FALSE,"Summer 2026 Post-Fledging_Communities"
"NRO","YDT",7,7,TRUE,"Summer 2026 Post-Fledging_Communities"
"NSS","YDT",7,7,TRUE,"Summer 2026 Post-Fledging_Communities"
"PDN","YDT",4,7,FALSE,"Summer 2026 Post-Fledging_Communities"
"PND","YDT",8,7,FALSE,"Summer 2026 Post-Fledging_Communities"
"RGT","YDT",9,7,FALSE,"Summer 2026 Post-Fledging_Communities"
"RNO","YDT",8,7,FALSE,"Summer 2026 Post-Fledging_Communities"
"ROW","YDT",5,7,FALSE,"Summer 2026 Post-Fledging_Communities"
"RTT","YDT",10,7,FALSE,"Summer 2026 Post-Fledging_Communities"
"SDO","YDT",11,7,FALSE,"Summer 2026 Post-Fledging_Communities"
"SDR","YDT",4,7,FALSE,"Summer 2026 Post-Fledging_Communities"
"SDT","YDT",4,7,FALSE,"Summer 2026 Post-Fledging_Communities"
"SGB","YDT",9,7,FALSE,"Summer 2026 Post-Fledging_Communities"
"SNR (was SNO)","YDT",12,7,FALSE,"Summer 2026 Post-Fledging_Communities"
"SOG","YDT",6,7,FALSE,"Summer 2026 Post-Fledging_Communities"
"SPT","YDT",6,7,FALSE,"Summer 2026 Post-Fledging_Communities"
"SPW","YDT",5,7,FALSE,"Summer 2026 Post-Fledging_Communities"
"SSS","YDT",4,7,FALSE,"Summer 2026 Post-Fledging_Communities"
"STT","YDT",9,7,FALSE,"Summer 2026 Post-Fledging_Communities"
"SWB","YDT",4,7,FALSE,"Summer 2026 Post-Fledging_Communities"
"SYO","YDT",4,7,FALSE,"Summer 2026 Post-Fledging_Communities"
"WDD","YDT",1,7,FALSE,"Summer 2026 Post-Fledging_Communities"
"WDY","YDT",2,7,FALSE,"Summer 2026 Post-Fledging_Communities"
"WNP","YDT",5,7,FALSE,"Summer 2026 Post-Fledging_Communities"
"WNS","YDT",12,7,FALSE,"Summer 2026 Post-Fledging_Communities"
"WOG","YDT",13,7,FALSE,"Summer 2026 Post-Fledging_Communities"
"WPB","YDT",5,7,FALSE,"Summer 2026 Post-Fledging_Communities"
"WPD","YDT",7,7,TRUE,"Summer 2026 Post-Fledging_Communities"
"WPG","YDT",6,7,FALSE,"Summer 2026 Post-Fledging_Communities"
"WPS","YDT",3,7,FALSE,"Summer 2026 Post-Fledging_Communities"
"WSY","YDT",13,7,FALSE,"Summer 2026 Post-Fledging_Communities"
"WYD","YDT",10,7,FALSE,"Summer 2026 Post-Fledging_Communities"
"YBN","YDT",13,7,FALSE,"Summer 2026 Post-Fledging_Communities"
"SWT","YDT",11,7,FALSE,"Summer 2026 Post-Fledging_Communities"
"RDO","YDT",14,7,FALSE,"Summer 2026 Post-Fledging_Communities"
"CRY","YDW",1,12,FALSE,"Summer 2026 Post-Fledging_Communities"
"GBO (was GPT)","YDW",2,12,FALSE,"Summer 2026 Post-Fledging_Communities"
"GDN (was GDY)","YDW",1,12,FALSE,"Summer 2026 Post-Fledging_Communities"
"GDO","YDW",3,12,FALSE,"Summer 2026 Post-Fledging_Communities"
"GNG","YDW",4,12,FALSE,"Summer 2026 Post-Fledging_Communities"
"GPB","YDW",5,12,FALSE,"Summer 2026 Post-Fledging_Communities"
"GPR","YDW",1,12,FALSE,"Summer 2026 Post-Fledging_Communities"
"GPW","YDW",2,12,FALSE,"Summer 2026 Post-Fledging_Communities"
"GSN","YDW",2,12,FALSE,"Summer 2026 Post-Fledging_Communities"
"GTP","YDW",6,12,FALSE,"Summer 2026 Post-Fledging_Communities"
"NRO","YDW",7,12,FALSE,"Summer 2026 Post-Fledging_Communities"
"NSS","YDW",7,12,FALSE,"Summer 2026 Post-Fledging_Communities"
"PDN","YDW",4,12,FALSE,"Summer 2026 Post-Fledging_Communities"
"PND","YDW",8,12,FALSE,"Summer 2026 Post-Fledging_Communities"
"RGT","YDW",9,12,FALSE,"Summer 2026 Post-Fledging_Communities"
"RNO","YDW",8,12,FALSE,"Summer 2026 Post-Fledging_Communities"
"ROW","YDW",5,12,FALSE,"Summer 2026 Post-Fledging_Communities"
"RTT","YDW",10,12,FALSE,"Summer 2026 Post-Fledging_Communities"
"SDO","YDW",11,12,FALSE,"Summer 2026 Post-Fledging_Communities"
"SDR","YDW",4,12,FALSE,"Summer 2026 Post-Fledging_Communities"
"SDT","YDW",4,12,FALSE,"Summer 2026 Post-Fledging_Communities"
"SGB","YDW",9,12,FALSE,"Summer 2026 Post-Fledging_Communities"
"SNR (was SNO)","YDW",12,12,TRUE,"Summer 2026 Post-Fledging_Communities"
"SOG","YDW",6,12,FALSE,"Summer 2026 Post-Fledging_Communities"
"SPT","YDW",6,12,FALSE,"Summer 2026 Post-Fledging_Communities"
"SPW","YDW",5,12,FALSE,"Summer 2026 Post-Fledging_Communities"
"SSS","YDW",4,12,FALSE,"Summer 2026 Post-Fledging_Communities"
"STT","YDW",9,12,FALSE,"Summer 2026 Post-Fledging_Communities"
"SWB","YDW",4,12,FALSE,"Summer 2026 Post-Fledging_Communities"
"SYO","YDW",4,12,FALSE,"Summer 2026 Post-Fledging_Communities"
"WDD","YDW",1,12,FALSE,"Summer 2026 Post-Fledging_Communities"
"WDY","YDW",2,12,FALSE,"Summer 2026 Post-Fledging_Communities"
"WNP","YDW",5,12,FALSE,"Summer 2026 Post-Fledging_Communities"
"WNS","YDW",12,12,TRUE,"Summer 2026 Post-Fledging_Communities"
"WOG","YDW",13,12,FALSE,"Summer 2026 Post-Fledging_Communities"
"WPB","YDW",5,12,FALSE,"Summer 2026 Post-Fledging_Communities"
"WPD","YDW",7,12,FALSE,"Summer 2026 Post-Fledging_Communities"
"WPG","YDW",6,12,FALSE,"Summer 2026 Post-Fledging_Communities"
"WPS","YDW",3,12,FALSE,"Summer 2026 Post-Fledging_Communities"
"WSY","YDW",13,12,FALSE,"Summer 2026 Post-Fledging_Communities"
"WYD","YDW",10,12,FALSE,"Summer 2026 Post-Fledging_Communities"
"YBN","YDW",13,12,FALSE,"Summer 2026 Post-Fledging_Communities"
"YDT","YDW",7,12,FALSE,"Summer 2026 Post-Fledging_Communities"
"SWT","YDW",11,12,FALSE,"Summer 2026 Post-Fledging_Communities"
"RDO","YDW",14,12,FALSE,"Summer 2026 Post-Fledging_Communities"
"CRY","YGD",1,2,FALSE,"Summer 2026 Post-Fledging_Communities"
"GBO (was GPT)","YGD",2,2,TRUE,"Summer 2026 Post-Fledging_Communities"
"GDN (was GDY)","YGD",1,2,FALSE,"Summer 2026 Post-Fledging_Communities"
"GDO","YGD",3,2,FALSE,"Summer 2026 Post-Fledging_Communities"
"GNG","YGD",4,2,FALSE,"Summer 2026 Post-Fledging_Communities"
"GPB","YGD",5,2,FALSE,"Summer 2026 Post-Fledging_Communities"
"GPR","YGD",1,2,FALSE,"Summer 2026 Post-Fledging_Communities"
"GPW","YGD",2,2,TRUE,"Summer 2026 Post-Fledging_Communities"
"GSN","YGD",2,2,TRUE,"Summer 2026 Post-Fledging_Communities"
"GTP","YGD",6,2,FALSE,"Summer 2026 Post-Fledging_Communities"
"NRO","YGD",7,2,FALSE,"Summer 2026 Post-Fledging_Communities"
"NSS","YGD",7,2,FALSE,"Summer 2026 Post-Fledging_Communities"
"PDN","YGD",4,2,FALSE,"Summer 2026 Post-Fledging_Communities"
"PND","YGD",8,2,FALSE,"Summer 2026 Post-Fledging_Communities"
"RGT","YGD",9,2,FALSE,"Summer 2026 Post-Fledging_Communities"
"RNO","YGD",8,2,FALSE,"Summer 2026 Post-Fledging_Communities"
"ROW","YGD",5,2,FALSE,"Summer 2026 Post-Fledging_Communities"
"RTT","YGD",10,2,FALSE,"Summer 2026 Post-Fledging_Communities"
"SDO","YGD",11,2,FALSE,"Summer 2026 Post-Fledging_Communities"
"SDR","YGD",4,2,FALSE,"Summer 2026 Post-Fledging_Communities"
"SDT","YGD",4,2,FALSE,"Summer 2026 Post-Fledging_Communities"
"SGB","YGD",9,2,FALSE,"Summer 2026 Post-Fledging_Communities"
"SNR (was SNO)","YGD",12,2,FALSE,"Summer 2026 Post-Fledging_Communities"
"SOG","YGD",6,2,FALSE,"Summer 2026 Post-Fledging_Communities"
"SPT","YGD",6,2,FALSE,"Summer 2026 Post-Fledging_Communities"
"SPW","YGD",5,2,FALSE,"Summer 2026 Post-Fledging_Communities"
"SSS","YGD",4,2,FALSE,"Summer 2026 Post-Fledging_Communities"
"STT","YGD",9,2,FALSE,"Summer 2026 Post-Fledging_Communities"
"SWB","YGD",4,2,FALSE,"Summer 2026 Post-Fledging_Communities"
"SYO","YGD",4,2,FALSE,"Summer 2026 Post-Fledging_Communities"
"WDD","YGD",1,2,FALSE,"Summer 2026 Post-Fledging_Communities"
"WDY","YGD",2,2,TRUE,"Summer 2026 Post-Fledging_Communities"
"WNP","YGD",5,2,FALSE,"Summer 2026 Post-Fledging_Communities"
"WNS","YGD",12,2,FALSE,"Summer 2026 Post-Fledging_Communities"
"WOG","YGD",13,2,FALSE,"Summer 2026 Post-Fledging_Communities"
"WPB","YGD",5,2,FALSE,"Summer 2026 Post-Fledging_Communities"
"WPD","YGD",7,2,FALSE,"Summer 2026 Post-Fledging_Communities"
"WPG","YGD",6,2,FALSE,"Summer 2026 Post-Fledging_Communities"
"WPS","YGD",3,2,FALSE,"Summer 2026 Post-Fledging_Communities"
"WSY","YGD",13,2,FALSE,"Summer 2026 Post-Fledging_Communities"
"WYD","YGD",10,2,FALSE,"Summer 2026 Post-Fledging_Communities"
"YBN","YGD",13,2,FALSE,"Summer 2026 Post-Fledging_Communities"
"YDT","YGD",7,2,FALSE,"Summer 2026 Post-Fledging_Communities"
"YDW","YGD",12,2,FALSE,"Summer 2026 Post-Fledging_Communities"
"SWT","YGD",11,2,FALSE,"Summer 2026 Post-Fledging_Communities"
"RDO","YGD",14,2,FALSE,"Summer 2026 Post-Fledging_Communities"
"CRY","YGY",1,3,FALSE,"Summer 2026 Post-Fledging_Communities"
"GBO (was GPT)","YGY",2,3,FALSE,"Summer 2026 Post-Fledging_Communities"
"GDN (was GDY)","YGY",1,3,FALSE,"Summer 2026 Post-Fledging_Communities"
"GDO","YGY",3,3,TRUE,"Summer 2026 Post-Fledging_Communities"
"GNG","YGY",4,3,FALSE,"Summer 2026 Post-Fledging_Communities"
"GPB","YGY",5,3,FALSE,"Summer 2026 Post-Fledging_Communities"
"GPR","YGY",1,3,FALSE,"Summer 2026 Post-Fledging_Communities"
"GPW","YGY",2,3,FALSE,"Summer 2026 Post-Fledging_Communities"
"GSN","YGY",2,3,FALSE,"Summer 2026 Post-Fledging_Communities"
"GTP","YGY",6,3,FALSE,"Summer 2026 Post-Fledging_Communities"
"NRO","YGY",7,3,FALSE,"Summer 2026 Post-Fledging_Communities"
"NSS","YGY",7,3,FALSE,"Summer 2026 Post-Fledging_Communities"
"PDN","YGY",4,3,FALSE,"Summer 2026 Post-Fledging_Communities"
"PND","YGY",8,3,FALSE,"Summer 2026 Post-Fledging_Communities"
"RGT","YGY",9,3,FALSE,"Summer 2026 Post-Fledging_Communities"
"RNO","YGY",8,3,FALSE,"Summer 2026 Post-Fledging_Communities"
"ROW","YGY",5,3,FALSE,"Summer 2026 Post-Fledging_Communities"
"RTT","YGY",10,3,FALSE,"Summer 2026 Post-Fledging_Communities"
"SDO","YGY",11,3,FALSE,"Summer 2026 Post-Fledging_Communities"
"SDR","YGY",4,3,FALSE,"Summer 2026 Post-Fledging_Communities"
"SDT","YGY",4,3,FALSE,"Summer 2026 Post-Fledging_Communities"
"SGB","YGY",9,3,FALSE,"Summer 2026 Post-Fledging_Communities"
"SNR (was SNO)","YGY",12,3,FALSE,"Summer 2026 Post-Fledging_Communities"
"SOG","YGY",6,3,FALSE,"Summer 2026 Post-Fledging_Communities"
"SPT","YGY",6,3,FALSE,"Summer 2026 Post-Fledging_Communities"
"SPW","YGY",5,3,FALSE,"Summer 2026 Post-Fledging_Communities"
"SSS","YGY",4,3,FALSE,"Summer 2026 Post-Fledging_Communities"
"STT","YGY",9,3,FALSE,"Summer 2026 Post-Fledging_Communities"
"SWB","YGY",4,3,FALSE,"Summer 2026 Post-Fledging_Communities"
"SYO","YGY",4,3,FALSE,"Summer 2026 Post-Fledging_Communities"
"WDD","YGY",1,3,FALSE,"Summer 2026 Post-Fledging_Communities"
"WDY","YGY",2,3,FALSE,"Summer 2026 Post-Fledging_Communities"
"WNP","YGY",5,3,FALSE,"Summer 2026 Post-Fledging_Communities"
"WNS","YGY",12,3,FALSE,"Summer 2026 Post-Fledging_Communities"
"WOG","YGY",13,3,FALSE,"Summer 2026 Post-Fledging_Communities"
"WPB","YGY",5,3,FALSE,"Summer 2026 Post-Fledging_Communities"
"WPD","YGY",7,3,FALSE,"Summer 2026 Post-Fledging_Communities"
"WPG","YGY",6,3,FALSE,"Summer 2026 Post-Fledging_Communities"
"WPS","YGY",3,3,TRUE,"Summer 2026 Post-Fledging_Communities"
"WSY","YGY",13,3,FALSE,"Summer 2026 Post-Fledging_Communities"
"WYD","YGY",10,3,FALSE,"Summer 2026 Post-Fledging_Communities"
"YBN","YGY",13,3,FALSE,"Summer 2026 Post-Fledging_Communities"
"YDT","YGY",7,3,FALSE,"Summer 2026 Post-Fledging_Communities"
"YDW","YGY",12,3,FALSE,"Summer 2026 Post-Fledging_Communities"
"YGD","YGY",2,3,FALSE,"Summer 2026 Post-Fledging_Communities"
"SWT","YGY",11,3,FALSE,"Summer 2026 Post-Fledging_Communities"
"RDO","YGY",14,3,FALSE,"Summer 2026 Post-Fledging_Communities"
"CRY","YOD",1,5,FALSE,"Summer 2026 Post-Fledging_Communities"
"GBO (was GPT)","YOD",2,5,FALSE,"Summer 2026 Post-Fledging_Communities"
"GDN (was GDY)","YOD",1,5,FALSE,"Summer 2026 Post-Fledging_Communities"
"GDO","YOD",3,5,FALSE,"Summer 2026 Post-Fledging_Communities"
"GNG","YOD",4,5,FALSE,"Summer 2026 Post-Fledging_Communities"
"GPB","YOD",5,5,TRUE,"Summer 2026 Post-Fledging_Communities"
"GPR","YOD",1,5,FALSE,"Summer 2026 Post-Fledging_Communities"
"GPW","YOD",2,5,FALSE,"Summer 2026 Post-Fledging_Communities"
"GSN","YOD",2,5,FALSE,"Summer 2026 Post-Fledging_Communities"
"GTP","YOD",6,5,FALSE,"Summer 2026 Post-Fledging_Communities"
"NRO","YOD",7,5,FALSE,"Summer 2026 Post-Fledging_Communities"
"NSS","YOD",7,5,FALSE,"Summer 2026 Post-Fledging_Communities"
"PDN","YOD",4,5,FALSE,"Summer 2026 Post-Fledging_Communities"
"PND","YOD",8,5,FALSE,"Summer 2026 Post-Fledging_Communities"
"RGT","YOD",9,5,FALSE,"Summer 2026 Post-Fledging_Communities"
"RNO","YOD",8,5,FALSE,"Summer 2026 Post-Fledging_Communities"
"ROW","YOD",5,5,TRUE,"Summer 2026 Post-Fledging_Communities"
"RTT","YOD",10,5,FALSE,"Summer 2026 Post-Fledging_Communities"
"SDO","YOD",11,5,FALSE,"Summer 2026 Post-Fledging_Communities"
"SDR","YOD",4,5,FALSE,"Summer 2026 Post-Fledging_Communities"
"SDT","YOD",4,5,FALSE,"Summer 2026 Post-Fledging_Communities"
"SGB","YOD",9,5,FALSE,"Summer 2026 Post-Fledging_Communities"
"SNR (was SNO)","YOD",12,5,FALSE,"Summer 2026 Post-Fledging_Communities"
"SOG","YOD",6,5,FALSE,"Summer 2026 Post-Fledging_Communities"
"SPT","YOD",6,5,FALSE,"Summer 2026 Post-Fledging_Communities"
"SPW","YOD",5,5,TRUE,"Summer 2026 Post-Fledging_Communities"
"SSS","YOD",4,5,FALSE,"Summer 2026 Post-Fledging_Communities"
"STT","YOD",9,5,FALSE,"Summer 2026 Post-Fledging_Communities"
"SWB","YOD",4,5,FALSE,"Summer 2026 Post-Fledging_Communities"
"SYO","YOD",4,5,FALSE,"Summer 2026 Post-Fledging_Communities"
"WDD","YOD",1,5,FALSE,"Summer 2026 Post-Fledging_Communities"
"WDY","YOD",2,5,FALSE,"Summer 2026 Post-Fledging_Communities"
"WNP","YOD",5,5,TRUE,"Summer 2026 Post-Fledging_Communities"
"WNS","YOD",12,5,FALSE,"Summer 2026 Post-Fledging_Communities"
"WOG","YOD",13,5,FALSE,"Summer 2026 Post-Fledging_Communities"
"WPB","YOD",5,5,TRUE,"Summer 2026 Post-Fledging_Communities"
"WPD","YOD",7,5,FALSE,"Summer 2026 Post-Fledging_Communities"
"WPG","YOD",6,5,FALSE,"Summer 2026 Post-Fledging_Communities"
"WPS","YOD",3,5,FALSE,"Summer 2026 Post-Fledging_Communities"
"WSY","YOD",13,5,FALSE,"Summer 2026 Post-Fledging_Communities"
"WYD","YOD",10,5,FALSE,"Summer 2026 Post-Fledging_Communities"
"YBN","YOD",13,5,FALSE,"Summer 2026 Post-Fledging_Communities"
"YDT","YOD",7,5,FALSE,"Summer 2026 Post-Fledging_Communities"
"YDW","YOD",12,5,FALSE,"Summer 2026 Post-Fledging_Communities"
"YGD","YOD",2,5,FALSE,"Summer 2026 Post-Fledging_Communities"
"YGY","YOD",3,5,FALSE,"Summer 2026 Post-Fledging_Communities"
"SWT","YOD",11,5,FALSE,"Summer 2026 Post-Fledging_Communities"
"RDO","YOD",14,5,FALSE,"Summer 2026 Post-Fledging_Communities"
"CRY","YPS",1,6,FALSE,"Summer 2026 Post-Fledging_Communities"
"GBO (was GPT)","YPS",2,6,FALSE,"Summer 2026 Post-Fledging_Communities"
"GDN (was GDY)","YPS",1,6,FALSE,"Summer 2026 Post-Fledging_Communities"
"GDO","YPS",3,6,FALSE,"Summer 2026 Post-Fledging_Communities"
"GNG","YPS",4,6,FALSE,"Summer 2026 Post-Fledging_Communities"
"GPB","YPS",5,6,FALSE,"Summer 2026 Post-Fledging_Communities"
"GPR","YPS",1,6,FALSE,"Summer 2026 Post-Fledging_Communities"
"GPW","YPS",2,6,FALSE,"Summer 2026 Post-Fledging_Communities"
"GSN","YPS",2,6,FALSE,"Summer 2026 Post-Fledging_Communities"
"GTP","YPS",6,6,TRUE,"Summer 2026 Post-Fledging_Communities"
"NRO","YPS",7,6,FALSE,"Summer 2026 Post-Fledging_Communities"
"NSS","YPS",7,6,FALSE,"Summer 2026 Post-Fledging_Communities"
"PDN","YPS",4,6,FALSE,"Summer 2026 Post-Fledging_Communities"
"PND","YPS",8,6,FALSE,"Summer 2026 Post-Fledging_Communities"
"RGT","YPS",9,6,FALSE,"Summer 2026 Post-Fledging_Communities"
"RNO","YPS",8,6,FALSE,"Summer 2026 Post-Fledging_Communities"
"ROW","YPS",5,6,FALSE,"Summer 2026 Post-Fledging_Communities"
"RTT","YPS",10,6,FALSE,"Summer 2026 Post-Fledging_Communities"
"SDO","YPS",11,6,FALSE,"Summer 2026 Post-Fledging_Communities"
"SDR","YPS",4,6,FALSE,"Summer 2026 Post-Fledging_Communities"
"SDT","YPS",4,6,FALSE,"Summer 2026 Post-Fledging_Communities"
"SGB","YPS",9,6,FALSE,"Summer 2026 Post-Fledging_Communities"
"SNR (was SNO)","YPS",12,6,FALSE,"Summer 2026 Post-Fledging_Communities"
"SOG","YPS",6,6,TRUE,"Summer 2026 Post-Fledging_Communities"
"SPT","YPS",6,6,TRUE,"Summer 2026 Post-Fledging_Communities"
"SPW","YPS",5,6,FALSE,"Summer 2026 Post-Fledging_Communities"
"SSS","YPS",4,6,FALSE,"Summer 2026 Post-Fledging_Communities"
"STT","YPS",9,6,FALSE,"Summer 2026 Post-Fledging_Communities"
"SWB","YPS",4,6,FALSE,"Summer 2026 Post-Fledging_Communities"
"SYO","YPS",4,6,FALSE,"Summer 2026 Post-Fledging_Communities"
"WDD","YPS",1,6,FALSE,"Summer 2026 Post-Fledging_Communities"
"WDY","YPS",2,6,FALSE,"Summer 2026 Post-Fledging_Communities"
"WNP","YPS",5,6,FALSE,"Summer 2026 Post-Fledging_Communities"
"WNS","YPS",12,6,FALSE,"Summer 2026 Post-Fledging_Communities"
"WOG","YPS",13,6,FALSE,"Summer 2026 Post-Fledging_Communities"
"WPB","YPS",5,6,FALSE,"Summer 2026 Post-Fledging_Communities"
"WPD","YPS",7,6,FALSE,"Summer 2026 Post-Fledging_Communities"
"WPG","YPS",6,6,TRUE,"Summer 2026 Post-Fledging_Communities"
"WPS","YPS",3,6,FALSE,"Summer 2026 Post-Fledging_Communities"
"WSY","YPS",13,6,FALSE,"Summer 2026 Post-Fledging_Communities"
"WYD","YPS",10,6,FALSE,"Summer 2026 Post-Fledging_Communities"
"YBN","YPS",13,6,FALSE,"Summer 2026 Post-Fledging_Communities"
"YDT","YPS",7,6,FALSE,"Summer 2026 Post-Fledging_Communities"
"YDW","YPS",12,6,FALSE,"Summer 2026 Post-Fledging_Communities"
"YGD","YPS",2,6,FALSE,"Summer 2026 Post-Fledging_Communities"
"YGY","YPS",3,6,FALSE,"Summer 2026 Post-Fledging_Communities"
"YOD","YPS",5,6,FALSE,"Summer 2026 Post-Fledging_Communities"
"SWT","YPS",11,6,FALSE,"Summer 2026 Post-Fledging_Communities"
"RDO","YPS",14,6,FALSE,"Summer 2026 Post-Fledging_Communities"
"CRY","YRP",1,1,TRUE,"Summer 2026 Post-Fledging_Communities"
"GBO (was GPT)","YRP",2,1,FALSE,"Summer 2026 Post-Fledging_Communities"
"GDN (was GDY)","YRP",1,1,TRUE,"Summer 2026 Post-Fledging_Communities"
"GDO","YRP",3,1,FALSE,"Summer 2026 Post-Fledging_Communities"
"GNG","YRP",4,1,FALSE,"Summer 2026 Post-Fledging_Communities"
"GPB","YRP",5,1,FALSE,"Summer 2026 Post-Fledging_Communities"
"GPR","YRP",1,1,TRUE,"Summer 2026 Post-Fledging_Communities"
"GPW","YRP",2,1,FALSE,"Summer 2026 Post-Fledging_Communities"
"GSN","YRP",2,1,FALSE,"Summer 2026 Post-Fledging_Communities"
"GTP","YRP",6,1,FALSE,"Summer 2026 Post-Fledging_Communities"
"NRO","YRP",7,1,FALSE,"Summer 2026 Post-Fledging_Communities"
"NSS","YRP",7,1,FALSE,"Summer 2026 Post-Fledging_Communities"
"PDN","YRP",4,1,FALSE,"Summer 2026 Post-Fledging_Communities"
"PND","YRP",8,1,FALSE,"Summer 2026 Post-Fledging_Communities"
"RGT","YRP",9,1,FALSE,"Summer 2026 Post-Fledging_Communities"
"RNO","YRP",8,1,FALSE,"Summer 2026 Post-Fledging_Communities"
"ROW","YRP",5,1,FALSE,"Summer 2026 Post-Fledging_Communities"
"RTT","YRP",10,1,FALSE,"Summer 2026 Post-Fledging_Communities"
"SDO","YRP",11,1,FALSE,"Summer 2026 Post-Fledging_Communities"
"SDR","YRP",4,1,FALSE,"Summer 2026 Post-Fledging_Communities"
"SDT","YRP",4,1,FALSE,"Summer 2026 Post-Fledging_Communities"
"SGB","YRP",9,1,FALSE,"Summer 2026 Post-Fledging_Communities"
"SNR (was SNO)","YRP",12,1,FALSE,"Summer 2026 Post-Fledging_Communities"
"SOG","YRP",6,1,FALSE,"Summer 2026 Post-Fledging_Communities"
"SPT","YRP",6,1,FALSE,"Summer 2026 Post-Fledging_Communities"
"SPW","YRP",5,1,FALSE,"Summer 2026 Post-Fledging_Communities"
"SSS","YRP",4,1,FALSE,"Summer 2026 Post-Fledging_Communities"
"STT","YRP",9,1,FALSE,"Summer 2026 Post-Fledging_Communities"
"SWB","YRP",4,1,FALSE,"Summer 2026 Post-Fledging_Communities"
"SYO","YRP",4,1,FALSE,"Summer 2026 Post-Fledging_Communities"
"WDD","YRP",1,1,TRUE,"Summer 2026 Post-Fledging_Communities"
"WDY","YRP",2,1,FALSE,"Summer 2026 Post-Fledging_Communities"
"WNP","YRP",5,1,FALSE,"Summer 2026 Post-Fledging_Communities"
"WNS","YRP",12,1,FALSE,"Summer 2026 Post-Fledging_Communities"
"WOG","YRP",13,1,FALSE,"Summer 2026 Post-Fledging_Communities"
"WPB","YRP",5,1,FALSE,"Summer 2026 Post-Fledging_Communities"
"WPD","YRP",7,1,FALSE,"Summer 2026 Post-Fledging_Communities"
"WPG","YRP",6,1,FALSE,"Summer 2026 Post-Fledging_Communities"
"WPS","YRP",3,1,FALSE,"Summer 2026 Post-Fledging_Communities"
"WSY","YRP",13,1,FALSE,"Summer 2026 Post-Fledging_Communities"
"WYD","YRP",10,1,FALSE,"Summer 2026 Post-Fledging_Communities"
"YBN","YRP",13,1,FALSE,"Summer 2026 Post-Fledging_Communities"
"YDT","YRP",7,1,FALSE,"Summer 2026 Post-Fledging_Communities"
"YDW","YRP",12,1,FALSE,"Summer 2026 Post-Fledging_Communities"
"YGD","YRP",2,1,FALSE,"Summer 2026 Post-Fledging_Communities"
"YGY","YRP",3,1,FALSE,"Summer 2026 Post-Fledging_Communities"
"YOD","YRP",5,1,FALSE,"Summer 2026 Post-Fledging_Communities"
"YPS","YRP",6,1,FALSE,"Summer 2026 Post-Fledging_Communities"
"SWT","YRP",11,1,FALSE,"Summer 2026 Post-Fledging_Communities"
"RDO","YRP",14,1,FALSE,"Summer 2026 Post-Fledging_Communities"
"CRY","YSR",1,14,FALSE,"Summer 2026 Post-Fledging_Communities"
"GBO (was GPT)","YSR",2,14,FALSE,"Summer 2026 Post-Fledging_Communities"
"GDN (was GDY)","YSR",1,14,FALSE,"Summer 2026 Post-Fledging_Communities"
"GDO","YSR",3,14,FALSE,"Summer 2026 Post-Fledging_Communities"
"GNG","YSR",4,14,FALSE,"Summer 2026 Post-Fledging_Communities"
"GPB","YSR",5,14,FALSE,"Summer 2026 Post-Fledging_Communities"
"GPR","YSR",1,14,FALSE,"Summer 2026 Post-Fledging_Communities"
"GPW","YSR",2,14,FALSE,"Summer 2026 Post-Fledging_Communities"
"GSN","YSR",2,14,FALSE,"Summer 2026 Post-Fledging_Communities"
"GTP","YSR",6,14,FALSE,"Summer 2026 Post-Fledging_Communities"
"NRO","YSR",7,14,FALSE,"Summer 2026 Post-Fledging_Communities"
"NSS","YSR",7,14,FALSE,"Summer 2026 Post-Fledging_Communities"
"PDN","YSR",4,14,FALSE,"Summer 2026 Post-Fledging_Communities"
"PND","YSR",8,14,FALSE,"Summer 2026 Post-Fledging_Communities"
"RGT","YSR",9,14,FALSE,"Summer 2026 Post-Fledging_Communities"
"RNO","YSR",8,14,FALSE,"Summer 2026 Post-Fledging_Communities"
"ROW","YSR",5,14,FALSE,"Summer 2026 Post-Fledging_Communities"
"RTT","YSR",10,14,FALSE,"Summer 2026 Post-Fledging_Communities"
"SDO","YSR",11,14,FALSE,"Summer 2026 Post-Fledging_Communities"
"SDR","YSR",4,14,FALSE,"Summer 2026 Post-Fledging_Communities"
"SDT","YSR",4,14,FALSE,"Summer 2026 Post-Fledging_Communities"
"SGB","YSR",9,14,FALSE,"Summer 2026 Post-Fledging_Communities"
"SNR (was SNO)","YSR",12,14,FALSE,"Summer 2026 Post-Fledging_Communities"
"SOG","YSR",6,14,FALSE,"Summer 2026 Post-Fledging_Communities"
"SPT","YSR",6,14,FALSE,"Summer 2026 Post-Fledging_Communities"
"SPW","YSR",5,14,FALSE,"Summer 2026 Post-Fledging_Communities"
"SSS","YSR",4,14,FALSE,"Summer 2026 Post-Fledging_Communities"
"STT","YSR",9,14,FALSE,"Summer 2026 Post-Fledging_Communities"
"SWB","YSR",4,14,FALSE,"Summer 2026 Post-Fledging_Communities"
"SYO","YSR",4,14,FALSE,"Summer 2026 Post-Fledging_Communities"
"WDD","YSR",1,14,FALSE,"Summer 2026 Post-Fledging_Communities"
"WDY","YSR",2,14,FALSE,"Summer 2026 Post-Fledging_Communities"
"WNP","YSR",5,14,FALSE,"Summer 2026 Post-Fledging_Communities"
"WNS","YSR",12,14,FALSE,"Summer 2026 Post-Fledging_Communities"
"WOG","YSR",13,14,FALSE,"Summer 2026 Post-Fledging_Communities"
"WPB","YSR",5,14,FALSE,"Summer 2026 Post-Fledging_Communities"
"WPD","YSR",7,14,FALSE,"Summer 2026 Post-Fledging_Communities"
"WPG","YSR",6,14,FALSE,"Summer 2026 Post-Fledging_Communities"
"WPS","YSR",3,14,FALSE,"Summer 2026 Post-Fledging_Communities"
"WSY","YSR",13,14,FALSE,"Summer 2026 Post-Fledging_Communities"
"WYD","YSR",10,14,FALSE,"Summer 2026 Post-Fledging_Communities"
"YBN","YSR",13,14,FALSE,"Summer 2026 Post-Fledging_Communities"
"YDT","YSR",7,14,FALSE,"Summer 2026 Post-Fledging_Communities"
"YDW","YSR",12,14,FALSE,"Summer 2026 Post-Fledging_Communities"
"YGD","YSR",2,14,FALSE,"Summer 2026 Post-Fledging_Communities"
"YGY","YSR",3,14,FALSE,"Summer 2026 Post-Fledging_Communities"
"YOD","YSR",5,14,FALSE,"Summer 2026 Post-Fledging_Communities"
"YPS","YSR",6,14,FALSE,"Summer 2026 Post-Fledging_Communities"
"YRP","YSR",1,14,FALSE,"Summer 2026 Post-Fledging_Communities"
"SWT","YSR",11,14,FALSE,"Summer 2026 Post-Fledging_Communities"
"RDO","YSR",14,14,TRUE,"Summer 2026 Post-Fledging_Communities"
"CRY","YWS",1,7,FALSE,"Summer 2026 Post-Fledging_Communities"
"GBO (was GPT)","YWS",2,7,FALSE,"Summer 2026 Post-Fledging_Communities"
"GDN (was GDY)","YWS",1,7,FALSE,"Summer 2026 Post-Fledging_Communities"
"GDO","YWS",3,7,FALSE,"Summer 2026 Post-Fledging_Communities"
"GNG","YWS",4,7,FALSE,"Summer 2026 Post-Fledging_Communities"
"GPB","YWS",5,7,FALSE,"Summer 2026 Post-Fledging_Communities"
"GPR","YWS",1,7,FALSE,"Summer 2026 Post-Fledging_Communities"
"GPW","YWS",2,7,FALSE,"Summer 2026 Post-Fledging_Communities"
"GSN","YWS",2,7,FALSE,"Summer 2026 Post-Fledging_Communities"
"GTP","YWS",6,7,FALSE,"Summer 2026 Post-Fledging_Communities"
"NRO","YWS",7,7,TRUE,"Summer 2026 Post-Fledging_Communities"
"NSS","YWS",7,7,TRUE,"Summer 2026 Post-Fledging_Communities"
"PDN","YWS",4,7,FALSE,"Summer 2026 Post-Fledging_Communities"
"PND","YWS",8,7,FALSE,"Summer 2026 Post-Fledging_Communities"
"RGT","YWS",9,7,FALSE,"Summer 2026 Post-Fledging_Communities"
"RNO","YWS",8,7,FALSE,"Summer 2026 Post-Fledging_Communities"
"ROW","YWS",5,7,FALSE,"Summer 2026 Post-Fledging_Communities"
"RTT","YWS",10,7,FALSE,"Summer 2026 Post-Fledging_Communities"
"SDO","YWS",11,7,FALSE,"Summer 2026 Post-Fledging_Communities"
"SDR","YWS",4,7,FALSE,"Summer 2026 Post-Fledging_Communities"
"SDT","YWS",4,7,FALSE,"Summer 2026 Post-Fledging_Communities"
"SGB","YWS",9,7,FALSE,"Summer 2026 Post-Fledging_Communities"
"SNR (was SNO)","YWS",12,7,FALSE,"Summer 2026 Post-Fledging_Communities"
"SOG","YWS",6,7,FALSE,"Summer 2026 Post-Fledging_Communities"
"SPT","YWS",6,7,FALSE,"Summer 2026 Post-Fledging_Communities"
"SPW","YWS",5,7,FALSE,"Summer 2026 Post-Fledging_Communities"
"SSS","YWS",4,7,FALSE,"Summer 2026 Post-Fledging_Communities"
"STT","YWS",9,7,FALSE,"Summer 2026 Post-Fledging_Communities"
"SWB","YWS",4,7,FALSE,"Summer 2026 Post-Fledging_Communities"
"SYO","YWS",4,7,FALSE,"Summer 2026 Post-Fledging_Communities"
"WDD","YWS",1,7,FALSE,"Summer 2026 Post-Fledging_Communities"
"WDY","YWS",2,7,FALSE,"Summer 2026 Post-Fledging_Communities"
"WNP","YWS",5,7,FALSE,"Summer 2026 Post-Fledging_Communities"
"WNS","YWS",12,7,FALSE,"Summer 2026 Post-Fledging_Communities"
"WOG","YWS",13,7,FALSE,"Summer 2026 Post-Fledging_Communities"
"WPB","YWS",5,7,FALSE,"Summer 2026 Post-Fledging_Communities"
"WPD","YWS",7,7,TRUE,"Summer 2026 Post-Fledging_Communities"
"WPG","YWS",6,7,FALSE,"Summer 2026 Post-Fledging_Communities"
"WPS","YWS",3,7,FALSE,"Summer 2026 Post-Fledging_Communities"
"WSY","YWS",13,7,FALSE,"Summer 2026 Post-Fledging_Communities"
"WYD","YWS",10,7,FALSE,"Summer 2026 Post-Fledging_Communities"
"YBN","YWS",13,7,FALSE,"Summer 2026 Post-Fledging_Communities"
"YDT","YWS",7,7,TRUE,"Summer 2026 Post-Fledging_Communities"
"YDW","YWS",12,7,FALSE,"Summer 2026 Post-Fledging_Communities"
"YGD","YWS",2,7,FALSE,"Summer 2026 Post-Fledging_Communities"
"YGY","YWS",3,7,FALSE,"Summer 2026 Post-Fledging_Communities"
"YOD","YWS",5,7,FALSE,"Summer 2026 Post-Fledging_Communities"
"YPS","YWS",6,7,FALSE,"Summer 2026 Post-Fledging_Communities"
"YRP","YWS",1,7,FALSE,"Summer 2026 Post-Fledging_Communities"
"YSR","YWS",14,7,FALSE,"Summer 2026 Post-Fledging_Communities"
"SWT","YWS",11,7,FALSE,"Summer 2026 Post-Fledging_Communities"
"RDO","YWS",14,7,FALSE,"Summer 2026 Post-Fledging_Communities"
"CRY","YYN (was YNO)",1,1,TRUE,"Summer 2026 Post-Fledging_Communities"
"GBO (was GPT)","YYN (was YNO)",2,1,FALSE,"Summer 2026 Post-Fledging_Communities"
"GDN (was GDY)","YYN (was YNO)",1,1,TRUE,"Summer 2026 Post-Fledging_Communities"
"GDO","YYN (was YNO)",3,1,FALSE,"Summer 2026 Post-Fledging_Communities"
"GNG","YYN (was YNO)",4,1,FALSE,"Summer 2026 Post-Fledging_Communities"
"GPB","YYN (was YNO)",5,1,FALSE,"Summer 2026 Post-Fledging_Communities"
"GPR","YYN (was YNO)",1,1,TRUE,"Summer 2026 Post-Fledging_Communities"
"GPW","YYN (was YNO)",2,1,FALSE,"Summer 2026 Post-Fledging_Communities"
"GSN","YYN (was YNO)",2,1,FALSE,"Summer 2026 Post-Fledging_Communities"
"GTP","YYN (was YNO)",6,1,FALSE,"Summer 2026 Post-Fledging_Communities"
"NRO","YYN (was YNO)",7,1,FALSE,"Summer 2026 Post-Fledging_Communities"
"NSS","YYN (was YNO)",7,1,FALSE,"Summer 2026 Post-Fledging_Communities"
"PDN","YYN (was YNO)",4,1,FALSE,"Summer 2026 Post-Fledging_Communities"
"PND","YYN (was YNO)",8,1,FALSE,"Summer 2026 Post-Fledging_Communities"
"RGT","YYN (was YNO)",9,1,FALSE,"Summer 2026 Post-Fledging_Communities"
"RNO","YYN (was YNO)",8,1,FALSE,"Summer 2026 Post-Fledging_Communities"
"ROW","YYN (was YNO)",5,1,FALSE,"Summer 2026 Post-Fledging_Communities"
"RTT","YYN (was YNO)",10,1,FALSE,"Summer 2026 Post-Fledging_Communities"
"SDO","YYN (was YNO)",11,1,FALSE,"Summer 2026 Post-Fledging_Communities"
"SDR","YYN (was YNO)",4,1,FALSE,"Summer 2026 Post-Fledging_Communities"
"SDT","YYN (was YNO)",4,1,FALSE,"Summer 2026 Post-Fledging_Communities"
"SGB","YYN (was YNO)",9,1,FALSE,"Summer 2026 Post-Fledging_Communities"
"SNR (was SNO)","YYN (was YNO)",12,1,FALSE,"Summer 2026 Post-Fledging_Communities"
"SOG","YYN (was YNO)",6,1,FALSE,"Summer 2026 Post-Fledging_Communities"
"SPT","YYN (was YNO)",6,1,FALSE,"Summer 2026 Post-Fledging_Communities"
"SPW","YYN (was YNO)",5,1,FALSE,"Summer 2026 Post-Fledging_Communities"
"SSS","YYN (was YNO)",4,1,FALSE,"Summer 2026 Post-Fledging_Communities"
"STT","YYN (was YNO)",9,1,FALSE,"Summer 2026 Post-Fledging_Communities"
"SWB","YYN (was YNO)",4,1,FALSE,"Summer 2026 Post-Fledging_Communities"
"SYO","YYN (was YNO)",4,1,FALSE,"Summer 2026 Post-Fledging_Communities"
"WDD","YYN (was YNO)",1,1,TRUE,"Summer 2026 Post-Fledging_Communities"
"WDY","YYN (was YNO)",2,1,FALSE,"Summer 2026 Post-Fledging_Communities"
"WNP","YYN (was YNO)",5,1,FALSE,"Summer 2026 Post-Fledging_Communities"
"WNS","YYN (was YNO)",12,1,FALSE,"Summer 2026 Post-Fledging_Communities"
"WOG","YYN (was YNO)",13,1,FALSE,"Summer 2026 Post-Fledging_Communities"
"WPB","YYN (was YNO)",5,1,FALSE,"Summer 2026 Post-Fledging_Communities"
"WPD","YYN (was YNO)",7,1,FALSE,"Summer 2026 Post-Fledging_Communities"
"WPG","YYN (was YNO)",6,1,FALSE,"Summer 2026 Post-Fledging_Communities"
"WPS","YYN (was YNO)",3,1,FALSE,"Summer 2026 Post-Fledging_Communities"
"WSY","YYN (was YNO)",13,1,FALSE,"Summer 2026 Post-Fledging_Communities"
"WYD","YYN (was YNO)",10,1,FALSE,"Summer 2026 Post-Fledging_Communities"
"YBN","YYN (was YNO)",13,1,FALSE,"Summer 2026 Post-Fledging_Communities"
"YDT","YYN (was YNO)",7,1,FALSE,"Summer 2026 Post-Fledging_Communities"
"YDW","YYN (was YNO)",12,1,FALSE,"Summer 2026 Post-Fledging_Communities"
"YGD","YYN (was YNO)",2,1,FALSE,"Summer 2026 Post-Fledging_Communities"
"YGY","YYN (was YNO)",3,1,FALSE,"Summer 2026 Post-Fledging_Communities"
"YOD","YYN (was YNO)",5,1,FALSE,"Summer 2026 Post-Fledging_Communities"
"YPS","YYN (was YNO)",6,1,FALSE,"Summer 2026 Post-Fledging_Communities"
"YRP","YYN (was YNO)",1,1,TRUE,"Summer 2026 Post-Fledging_Communities"
"YSR","YYN (was YNO)",14,1,FALSE,"Summer 2026 Post-Fledging_Communities"
"YWS","YYN (was YNO)",7,1,FALSE,"Summer 2026 Post-Fledging_Communities"
"SWT","YYN (was YNO)",11,1,FALSE,"Summer 2026 Post-Fledging_Communities"
"RDO","YYN (was YNO)",14,1,FALSE,"Summer 2026 Post-Fledging_Communities"
"CRY","SWT",1,11,FALSE,"Summer 2026 Post-Fledging_Communities"
"GBO (was GPT)","SWT",2,11,FALSE,"Summer 2026 Post-Fledging_Communities"
"GDN (was GDY)","SWT",1,11,FALSE,"Summer 2026 Post-Fledging_Communities"
"GDO","SWT",3,11,FALSE,"Summer 2026 Post-Fledging_Communities"
"GNG","SWT",4,11,FALSE,"Summer 2026 Post-Fledging_Communities"
"GPB","SWT",5,11,FALSE,"Summer 2026 Post-Fledging_Communities"
"GPR","SWT",1,11,FALSE,"Summer 2026 Post-Fledging_Communities"
"GPW","SWT",2,11,FALSE,"Summer 2026 Post-Fledging_Communities"
"GSN","SWT",2,11,FALSE,"Summer 2026 Post-Fledging_Communities"
"GTP","SWT",6,11,FALSE,"Summer 2026 Post-Fledging_Communities"
"NRO","SWT",7,11,FALSE,"Summer 2026 Post-Fledging_Communities"
"NSS","SWT",7,11,FALSE,"Summer 2026 Post-Fledging_Communities"
"PDN","SWT",4,11,FALSE,"Summer 2026 Post-Fledging_Communities"
"PND","SWT",8,11,FALSE,"Summer 2026 Post-Fledging_Communities"
"RGT","SWT",9,11,FALSE,"Summer 2026 Post-Fledging_Communities"
"RNO","SWT",8,11,FALSE,"Summer 2026 Post-Fledging_Communities"
"ROW","SWT",5,11,FALSE,"Summer 2026 Post-Fledging_Communities"
"RTT","SWT",10,11,FALSE,"Summer 2026 Post-Fledging_Communities"
"SDO","SWT",11,11,TRUE,"Summer 2026 Post-Fledging_Communities"
"SDR","SWT",4,11,FALSE,"Summer 2026 Post-Fledging_Communities"
"SDT","SWT",4,11,FALSE,"Summer 2026 Post-Fledging_Communities"
"SGB","SWT",9,11,FALSE,"Summer 2026 Post-Fledging_Communities"
"SNR (was SNO)","SWT",12,11,FALSE,"Summer 2026 Post-Fledging_Communities"
"SOG","SWT",6,11,FALSE,"Summer 2026 Post-Fledging_Communities"
"SPT","SWT",6,11,FALSE,"Summer 2026 Post-Fledging_Communities"
"SPW","SWT",5,11,FALSE,"Summer 2026 Post-Fledging_Communities"
"SSS","SWT",4,11,FALSE,"Summer 2026 Post-Fledging_Communities"
"STT","SWT",9,11,FALSE,"Summer 2026 Post-Fledging_Communities"
"SWB","SWT",4,11,FALSE,"Summer 2026 Post-Fledging_Communities"
"RDO","SWT",14,11,FALSE,"Summer 2026 Post-Fledging_Communities"
"CRY","RDO",1,14,FALSE,"Summer 2026 Post-Fledging_Communities"
"GBO (was GPT)","RDO",2,14,FALSE,"Summer 2026 Post-Fledging_Communities"
"GDN (was GDY)","RDO",1,14,FALSE,"Summer 2026 Post-Fledging_Communities"
"GDO","RDO",3,14,FALSE,"Summer 2026 Post-Fledging_Communities"
"GNG","RDO",4,14,FALSE,"Summer 2026 Post-Fledging_Communities"
"GPB","RDO",5,14,FALSE,"Summer 2026 Post-Fledging_Communities"
"GPR","RDO",1,14,FALSE,"Summer 2026 Post-Fledging_Communities"
"GPW","RDO",2,14,FALSE,"Summer 2026 Post-Fledging_Communities"
"GSN","RDO",2,14,FALSE,"Summer 2026 Post-Fledging_Communities"
"GTP","RDO",6,14,FALSE,"Summer 2026 Post-Fledging_Communities"
"NRO","RDO",7,14,FALSE,"Summer 2026 Post-Fledging_Communities"
"NSS","RDO",7,14,FALSE,"Summer 2026 Post-Fledging_Communities"
"PDN","RDO",4,14,FALSE,"Summer 2026 Post-Fledging_Communities"
"PND","RDO",8,14,FALSE,"Summer 2026 Post-Fledging_Communities"
